RelativePath,SizeBytes,SHA256
NEW_CHAT_PROJECT_PROMPT.md,8172,c545f4282d1f13e0260981d4d430ad0fbe5133f6fcf64511e68378e76ddbb0ac
PROJECT_INDEX.md,3539,2d6975a6ef2d456df9965548420b8eb3af1f1a92d6c40aa331a15ea4a2388117
archive/2026-08-08_pre_material_granularity_fix/MIGRATION_MANIFEST.csv,5974,2cf3e207033298c4d564b255951463fdb9a2d3b10cb4c5b9a20b1a9e90011860
archive/2026-08-08_pre_material_granularity_fix/README.md,538,b8d693c4fe2c0dd9021a8743af5a622ebda706531c82f8d48d60e3354d7b32c9
data/PXD001764/metadata/project.json,7500,c6bec0b153ccee4d443f226efd5e2f32e8a93b166165461275f5670470f2cb0f
data/PXD002400/metadata/files.json,114803,bc86d67640517a79984eb500fbdc5bc40c4a995fdade66b976a75d0178ebcd70
data/PXD002400/metadata/project.json,6630,a16c36786e2ea4bc50861edcfdce0670a2b38b6735b966f9b8bdad7c498f6a8a
data/PXD009687/metadata/proteomecentral_dataset.json,13900,ef917c17e532b082713e9f4a4b161502bb6b2acafff1b4ee73563a0e082112f6
data/PXD014870/metadata/articles/2019_histone_lactylation.pdf,7339263,8f5953b21055121e6ab325b68ec677a1410bb142128ab87b4e2ea8d943396155
data/PXD014870/metadata/articles/2022_cyclic_immonium_reanalysis.pdf,2129121,8ab6967a9ffa51a5628d28a8bea5047036980b95058362f2ebdc1631df92c006
data/PXD014870/metadata/dataset_metadata.csv,540,45f26fef5e79b68aab6314d902ae7c5312044d11ebd2192795fe98361660d236
data/PXD014870/metadata/file_inventory.csv,18295,427985b301d0c508adbb63d29e50607a3c6024f928bb09a12fe6c4e23994d23a
data/PXD018212/metadata/proteomecentral_dataset.json,46744,37ff4c54c9eea71df4dc341629353d9fa47ae9f9664063c262ebc5da66e88dcd
data/PXD019834/metadata/project.json,6016,a53500fae287de2dd7de9f7585970180b9a0e22b6d5392a463e477708247c6c2
data/PXD022005/metadata/project.json,10252,f226f5cbf81cca02e57ed785308ac39da8ff9f7351ffc1343989580ce97008f7
data/PXD028488/metadata/articles/2022_cyclic_immonium.pdf,2129121,8ab6967a9ffa51a5628d28a8bea5047036980b95058362f2ebdc1631df92c006
data/PXD028488/metadata/dataset_metadata.csv,610,a783ee4056b2df18be666732e5ea49ffd6a5d6eff2dd895e13f201f7f755167d
data/PXD028488/metadata/file_inventory.csv,22474,3b60fea0a48f3d1a0e2a828a4236b7a0855cb044f0acf68eff8a72b8882adc54
data/PXD028737/metadata/pairing_download_manifest.csv,673,be472db7247748e24afd976254275dea686d51848d12c6a296f7b73986faa331
data/PXD029631/metadata/proteomecentral_dataset.json,10547,131e8ec1c2f4522320ace9bbc0da51f3a0f7219c104db27cf2e911d472fd374b
data/PXD030304/metadata/README_figshare.md,3218,aaa5ca2539d67f12dcbbd893faff523e328cc69a994e81c2eeff8de0d93102ca
data/PXD030304/metadata/figshare_19345397.json,13301,c636fb82c143212a8619c28258e3a407d74ccc0cef6ae85b84ef93c8fd7b57f0
data/PXD030304/metadata/project.json,4185,781bd48a40c5ee7c87779690f27a826655222ba5a7ff77315b2e23e9969bff9c
data/PXD033146/metadata/pairing_download_manifest.csv,775,7a7469ed711eb85d97f3b0560578b33ae6e3a0c50f58529464aa6fc127835c2d
data/PXD036307/metadata/dataset_metadata.csv,1717,6724ff366d0a3487b572c2325ef2e601900f1c1803772d0a69848bae5453e075
data/PXD036307/metadata/download_manifest.csv,1342,b63519e4c92703ded2c4d0a777abf6f3ad04529d7f1f814ea4d791693a3c204f
data/PXD036307/metadata/extracted_file_inventory.csv,1630,4a9e7f5c86253ad4159d0ee734f6eeb728209e89f29fd23930e8d2319d31244c
data/PXD036307/metadata/mqpar.xml,24023,cc7177527c5aa4ab33e6622e64739d9155c9ee5b2a2d547b58d1a01fb282fe86
data/PXD036307/metadata/proxi_detail.json,9342,890828158586da7265b3969e9e50e722d966d592acbbd89baf380c6ce7294f35
data/PXD036307/metadata/repository_file_manifest.csv,4546,083c1824f9a252b966a13267ec4fd9e24d21dcdb74ece04a087dc50ff0032dec
data/PXD037295/metadata/PARTIAL_DOWNLOAD_NOTE.txt,193,899c43b6ab277dccf98e9b422ea3cc81881dd73645e7c8de920c9919fb1b737a
data/PXD037295/metadata/txt.rar.partial_download_2026-08-08,802779136,cdd02a55f23c2915694285034f6f72e33fa89515547a3adbba9a86c5e60b13b0
data/PXD037371/metadata/pairing_download_manifest.csv,397,b5febdf88c2993485c28aa80dd4ea7cc2e42ca903378eb26d91f75121a5e01f5
data/PXD037530/metadata/checksum.txt,2689,26979dc7a2b4264cb231b9ffa91f409a2c29f665f0212c84582304f20eaaa6b8
data/PXD037530/metadata/pairing_download_manifest.csv,392,c6364657e531fa4a4935b1dd22e3b539d0893083b3f007cb2a6c20726d9a351d
data/PXD037660/metadata/proteomecentral_dataset.json,19578,b31367bb72d5ef6c1721287233a7b9fdbe2630eab426cf10e0937c9e979e65f2
data/PXD038880/metadata/articles/2024_NBS1_lactylation.pdf,17423877,75745bedcd8f6587976b38e2aa9e270f70d4c864bd7f20a025f6b22ce4d24296
data/PXD038880/metadata/dataset_metadata.csv,413,f3f3d6b68d4ffc5f0747e9a67a1c1cbe7ad8b123fcb14735df202bb8abd6136a
data/PXD038880/metadata/excluded.md,628,b3a17cdcdff2e6bd16f1ee17897ce23a712ed742d43d73bfb3d050b5226ad72c
data/PXD038880/metadata/file_inventory.csv,321,9794309a3a663aa26433ad3a23a5cb7c37fdf9fd1fecdb45d168cd5b8e950c92
data/PXD043880/metadata/files.json,92736,9afbe55f6851d62c909cc5673d19ff7a535783d9bdc5a2ea2ed320233520af81
data/PXD043880/metadata/project.json,8734,d11d63d0445ca40d35cb9c4ea932fbee50bc4e454f38bf0ad0e75f72c7cfed01
data/PXD045967/metadata/8.16-mqpar.xml,16993,76b470a9b4d4ab3e49529032bf1a36d2506dc2ecd4ade9fa2ca75c1550a5a9fa
data/PXD045967/metadata/pairing_download_manifest.csv,389,500aa9716b2d3fad9d32e5b7045f72189d8283eb62db566ef446d17275d527c2
data/PXD046800/metadata/pairing_download_manifest.csv,1437,9dea83dfc5265574fb2fc342f85482f53bd67843aa67b905df7628e7fb28ac96
data/PXD047535/metadata/checksum.txt,1642,e287ca02768b2190ecb3daca1a7c51faddada0a5fc0402b3922e36db80c2dc8c
data/PXD047535/metadata/pairing_download_manifest.csv,392,7c3b2fd86d227bef815946140292ef17f987a9a7b97d9a457a051129dcff322f
data/PXD047673/metadata/checksum.txt,1618,048423d6c6da0d74a0cfec8acb19eac8d8a4086e6aaf5f97a5b395b2bfc9f0cc
data/PXD047673/metadata/pairing_download_manifest.csv,392,625f86e6f9645fab12fc7620f920c04fcbffc23192e2d93b57f7f4c76693e365
data/PXD048995/metadata/mqpar.xml,12175,3b7812de938b7b899fa4ddd2cd1e3caa16d18bb4f2e93e7f1b97eee8672b60cb
data/PXD048995/metadata/pairing_download_manifest.csv,374,bc8d751665a631552b157ed1eb6d4e8fb662e0c67742ba837b3f7cb979e2699c
data/PXD050147/metadata/checksum.txt,3125,088f0169b39da125b4b31218b1e7f9893a576784f27b3e13a42ec4b06d1c345f
data/PXD050147/metadata/pairing_download_manifest.csv,1281,29963a39576b1ef056f363b29c49c3b641f62ede8625cacbf8b4fedc398c8395
data/PXD050470/metadata/articles/2025_human_hippocampi_lactylation.pdf,3291384,e374c3aa4dbbb08d3a57220df925591b270dfc57122f9fc52160fdf630a34551
data/PXD050470/metadata/dataset_metadata.csv,446,fef8c0d5b01702d99c8edd79625865b749aff2e5c2b2feed966fb7ce73e57624
data/PXD050470/metadata/file_inventory.csv,702,4654274c8da715520bf2977a3867571b1f8c9cf147ef97192c641557e2840a49
data/PXD050470/metadata/mqpar.xml,22819,be0dbd908745df4c3a4a2cce6a5e1e302d01906cffa627da4ae43cd4a494b706
data/PXD050470/supplementary/prca2331-sup-0006-tables4.xlsx,368717,67b742b35cd33473d263241986f5b1a33a44ac8160ed514d164f293a7fa8ab72
data/PXD050906/metadata/articles/2024_NBS1_lactylation.pdf,17423877,75745bedcd8f6587976b38e2aa9e270f70d4c864bd7f20a025f6b22ce4d24296
data/PXD050906/metadata/checksum.txt,631,fc7926624d69357ae512e8c54d8b850e3dfcb0bc639ac4b36cfaff7065e5c866
data/PXD050906/metadata/dataset_metadata.csv,435,b0b7aa3d06db034f46c59cbf92d577d7aecc4f181105b0f67450c8e7b04096d0
data/PXD050906/metadata/excluded.md,306,415e26af9355d690056292bed1c9a4a2c7cb82ffec31085beb9ab4dc90f88f9f
data/PXD050906/metadata/file_inventory.csv,5123,5a767397f7055e3e6689f97f2327ca2a98caac31d4d8d8a472f48f1ad19f58d8
data/PXD052772/metadata/mqpar.xml,20679,12ed50fbf1265e6c6e58502ff819f444df6e5750cc87ff5cd450c06ddf64a965
data/PXD052772/metadata/pairing_download_manifest.csv,649,baa187b49672149a27f50f137fc954e66b13b3c8c9d7240f07c4a6d3c4e9c853
data/PXD053474/metadata/articles/2024_subcellular_lactylation.pdf,7677960,0409cfd75168eab74cd6253a70fa24fbd93b9bbe147d8077614811ebd76ee890
data/PXD053474/metadata/dataset_metadata.csv,492,9dd697c8d77a7257af218c144cb94f74be0aa6d1265661493dc814371b78cb92
data/PXD053474/metadata/file_inventory.csv,25932,d5c45e6f745e5e246e54728927111d5f0851bb5c1c93f1cf151ea35a4bb14ec3
data/PXD053809/metadata/project.json,4073,0d79e7d63a8fb2378b8981d4b2ce27090ab4ad96ce7423a5ddcde292a1521855
data/PXD054919/metadata/DOWNLOAD_NOTES.md,496,84e2cf50e0fd1b2f5caef243662e6a76e760fadb651460d5ad56d0d5c1cc6d95
data/PXD054919/metadata/articles/2025_HAT1_RPA1_lactylation.pdf,5433775,4ed0d00a73f32fdc3a732cfb24ac43c45cc0af0e954a1dbeab23234e2a85d2b5
data/PXD054919/metadata/checksum.txt,399,45bb77e4a6b35ab0872e47e28547a254d1a54f1f02f03a16a9ec3e4c87caac67
data/PXD054919/metadata/dataset_metadata.csv,3138,68288630a137e241fdc100f9af160b3ce662a610249d1abcf159d0cb27675b22
data/PXD054919/metadata/download_manifest.csv,2814,4c722de64cfe2390d7014a5791b5f78ca77514ee80b2d9712ce59acf4e5e3ef4
data/PXD054919/metadata/extracted_file_inventory.csv,64,d43b4c72042c2539471b1888328352600b02ed256a059aa3ecebf370ca1e3ffd
data/PXD054919/metadata/files.json,5620,2406bdf71d900a946329125e224d79ab27ab0abe037512876cd7d2005082aed5
data/PXD054919/metadata/project.json,11770,8d5eb41797bc3f5127c9bed17e969e8d392ccb6c9ded65facbbdc8958af27c78
data/PXD054919/metadata/repository_file_manifest.csv,1348,059048170da8bc38aef5a9adc2a085cb40bae31561fdad1a6d2210a31da732ae
data/PXD055025/metadata/proxi_detail.json,10995,7286649f5c5cdfc96e5dc9671f6c5736a960e7856a7bc9b00b904a878ef02a97
data/PXD055230/metadata/checksum.txt,5027,5833031a0f76ac0812b7cc283b4d0c984d6c36acca39de074c531781864261c7
data/PXD055230/metadata/pairing_download_manifest.csv,392,32d548cb50cf09abac709d581d2bede9f1414e7335ef709f597d94c3a1e1dd7f
data/PXD057709/metadata/checksum.txt,1197,2152a723b57bc90f1050e8f3c27d241a6cef3564d30949d2e5a8f8ee3dd4c1bf
data/PXD057709/metadata/pairing_download_manifest.csv,392,4f4ac103822d16d2c0d4d5ceb02a5e2c2664dcfd17fcd93383e7419d7f0e9526
data/PXD058534/metadata/checksum.txt,248,fc75780abcc51ee86769622bb46e1d9c14737812c61ce328f71a0c89d490a3c1
data/PXD058534/metadata/pairing_download_manifest.csv,652,1604180fa55e20267231883e70ce0f5ae615e7fe59b4f6d3fd44bd124d283bc6
data/PXD059985/metadata/project.json,6656,8e253fa2ec0b441d035699be9750c5a7f13cb5bfa9e31dc518c852fe9fa41cbd
data/PXD060185/metadata/articles/2025_breast_cancer_histone_lactylation.pdf,15885028,17ebfeb151acdff8ab278f7e1856776b61d21455c7070f9c40981f5411bd21c5
data/PXD060185/metadata/dataset_metadata.csv,491,a3ebecc334754d1db597ee0ef35e0f8deb95787ce5580d32fbb9c5f25698a5d7
data/PXD060185/metadata/file_inventory.csv,1517,ee974cc05a2a3a7902983cc21f38566c26f0d0cdb06e4ff73e051e14e24e6479
data/PXD062720/metadata/checksum.txt,659,b7d7bb1febc8436b2db1ab9637b78ad9cba455c6de14ebe760ef56f6301d6d25
data/PXD062720/metadata/pairing_download_manifest.csv,652,3ad47b29044af9fea83baf2e87189c71f3e3fb4da0dcf3c700be5d979e7b5642
data/PXD063047/metadata/DOWNLOAD_NOTES.md,607,20749e0f566cfdb3a8cf3c4c189d120b82c5f7e7a12e6173445363c983c80c95
data/PXD063047/metadata/combined_IPX0011731002.partial_download,279932928,a3194912a050ca441b92476f26ab9118475d7815a77fd96fd753fa2eb205a12c
data/PXD063047/metadata/dataset_metadata.csv,1564,bddd95ac5eac52f6e1d8fbae398ae5438c10767b16cf341f7e48cf184dda9a4f
data/PXD063047/metadata/download_manifest.csv,1018,fdd77ece1f3795d89b91785f58aa900f62771b58d860c92a9c997b9f4c27518e
data/PXD063047/metadata/extracted_file_inventory.csv,1898,719698a958ac9e9538f1e47541d7ae0d4c215c7b69b5eb365a019cc51c14b3e4
data/PXD063047/metadata/proxi_detail.json,7673,7743bf1b510880cb98deffd452dc19d52a244163d6a17f6181a444278ed07d54
data/PXD063047/metadata/repository_file_manifest.csv,3109,f77935deca2b53500337fde383f4d3cbad7186a2f5ae8d4c58f08bb982a472e7
data/PXD063266/metadata/checksum.txt,568,088d8fdfa167e263004985680952cb365abfc1e92f13996d209c7e5b13831108
data/PXD063266/metadata/mqpar.xml,28244,8fdf475cbe297d47561c0cb431fb4d01a8248c4d64d09c566f5f417eef403edd
data/PXD063266/metadata/pairing_download_manifest.csv,925,8d6fab84676fa4beef58e72eb3933dda666df51def0de15bacaaae352076a8ab
data/PXD063945/metadata/lac_mqpar.xml,32976,a3a7a873931d96e96eff5f36c76660ad93cb89a34aa4fe070570e14c7247f17b
data/PXD063945/metadata/pairing_download_manifest.csv,637,ff5469e3fb367c9e4571c66421c91602a47c74f1e35c6227fc7c9ae519a49666
data/PXD063945/metadata/pro_mqpar.xml,33977,c6be34c19fab9bd575e1020b6e790219a18047ccd31ac1bb6fda2c1933112c78
data/PXD064038/metadata/Clinical information of samples.docx,13251,905c12bd2c496c0fc7643902e1b568ca93726786335e3f0fd66e2a050ea8fc3b
data/PXD064038/metadata/pairing_download_manifest.csv,693,8daf046a7cd4eab788c24144b7c6ed81facab506c1c9dc6e4bb6ebed1a148e91
data/PXD064912/metadata/checksum.txt,447,221f97a705e10e579c10d7f4cdf1bcf52a99e83a8d0a0f24f09d0311bcbd9dac
data/PXD064912/metadata/dataset_metadata.csv,1879,72f8c39400b9677225543527eec412a9a669e54e953fd0d72ef1fae48b9a7540
data/PXD064912/metadata/download_manifest.csv,4719,13684c1b7a2548339d5e9c6c8d7f54f5bb034b7e2701f1494d0f095560999298
data/PXD064912/metadata/extracted_file_inventory.csv,64,d43b4c72042c2539471b1888328352600b02ed256a059aa3ecebf370ca1e3ffd
data/PXD064912/metadata/proxi_detail.json,20253,967be842d97a5f936d8f6316956b6ed0bb2c0e44950edea6f7b911ea9ef19308
data/PXD064912/metadata/repository_file_manifest.csv,1365,9f0a15d8e77da843f00f40c98cc39c0252d055945a9d04cb343f4c371f889ad6
data/PXD065775/metadata/project.json,5419,13c53a325160ed618c66c9b86ede2f513594e23e50c067b6b3edb99c25c00ab9
data/PXD065831/metadata/pairing_download_manifest.csv,423,88657f8ffb269b6574167b506e959618ecdb151c1b1350e1b8db24d68f534e02
data/PXD066054/metadata/checksum.txt,2242,276d371884d432668a371962cff85f513d714ab6054b4af3ffe572a97a4f8a0a
data/PXD066054/metadata/dataset_metadata.csv,2510,3ae654c8bed25ecc84f6b7cc406f80fb8c6e24a6cd76641794346a1d3bd5c3eb
data/PXD066054/metadata/download_manifest.csv,1574,601344ec1731d9c90a12975f78ab115cc9a24ed71e7939bc5a97c78dec4ca898
data/PXD066054/metadata/extracted_file_inventory.csv,1991,4bcea9986b347a73137865d5652ea49b48c7d9e8e37ac052f561280958013cd0
data/PXD066054/metadata/proxi_detail.json,11246,e27990e8cace7f299a40e3422357ac301d4f19cfb3caad19f8486ecacfec084c
data/PXD066054/metadata/repository_file_manifest.csv,5836,f575a54df769fefead4a37ce4ca7513d0a39b033427f45d1a81f48866a476b06
data/PXD066351/metadata/pairing_download_manifest.csv,2306,4fa36383aadde898cb0997eb67b3e1c928338f2df936cc680667ccd76e4618b1
data/PXD066517/metadata/pairing_download_manifest.csv,713,ada3d4536b25103e8ef0f0279180dd82e0ec36e65f70766658646543039d3aa9
data/PXD068838/metadata/checksum.txt,546,63f258cad66ae34e68552a23c37a91f9ef3eea58a522aa8bb405ece082b4ff36
data/PXD068838/metadata/pairing_download_manifest.csv,385,d6a34aa9d4f3d2e56d7398fd7b610a86edca5f620b50332b6058dbe91810f2ab
data/PXD069969/metadata/proxi_detail.json,6708,ea276a9738ad48f55542b6e15215662562572027677f25a70fac96bc014fb0fe
data/PXD070007/metadata/pairing_download_manifest.csv,439,b032adc5f3addc30c36bc64734cb05988528b2ed252b9900ebc1f6f76eee873f
data/PXD070427/metadata/checksum.txt,262,f7663ac8761579cf1c6d4735b27df246845d96ec2833ac2c55d737e0ae0359ba
data/PXD070427/metadata/pairing_download_manifest.csv,385,49512da7316db054fae2787266e3d260d55a7f0592b000d125cf67bc41afac98
data/PXD072220/metadata/files.json,15478,5cc97169d33d42900abd37f24a755900056a76bdb527c56e40a96a4c1b9c774c
data/PXD072220/metadata/project.json,6417,04cd96cbbb04b5bf54841cc948b437b9cb51762d6f33172529527b665835d6c4
data/PXD073311/metadata/pairing_download_manifest.csv,793,3f64cefa15ea47912e4e38bf010645731a758595a7d914fe2bc25597236b6bb7
data/PXD075014/metadata/dataset_metadata.csv,480,1fb921011ccdaad8c2392cab74f1dd7b0bc47861cb1276c7e595ec37d07fcfbe
data/PXD075014/metadata/download_manifest.csv,1074,6bacd280f890c99cd13fd2b104a564d44093d92da361fa3f6101393fe6b6b363
data/PXD075014/metadata/file_inventory.csv,444,585f79bb324a516fad37833ce44b0a4bac2357083386784a21c8e69b12eef4a6
data/PXD075377/metadata/dataset_metadata.csv,1988,37c7b55a1a87535e9b255e31053dccaee0d4ac4011cc1e77d19d8fa3178fbfa4
data/PXD075377/metadata/download_manifest.csv,799,3313d17842ef8b3dcf0dbf51d1db7f6ed93e1bd9c2465b52a7664aeaaff4bf5b
data/PXD075377/metadata/extracted_file_inventory.csv,1247,108f0b2a8e4815a73012a24df3ca0cbbb5d49c0f106880f61d34e9c1911fbcdb
data/PXD075377/metadata/proxi_detail.json,6311,ff1c63a2890f56fd3cb6a6c30e3e263f3d285529371552c57b53420e56eac41b
data/PXD075377/metadata/repository_file_manifest.csv,904,b47fff11a93c779863f0be2205aa49bdc4d892462e1df119d8480c313f8500aa
data/PXD078013/metadata/XA01366LPLa.sdrf.tsv,1681,5ad75f4179322edf49e221f1e2736bd96038329e4fa8e46069d7212defa01ba3
data/PXD078013/metadata/checksum.txt,1050,a7023caaa39e629444704e2bfad54740aed73f704f7dff250d5e5c06b3c76c26
data/PXD078013/metadata/dataset_metadata.csv,417,260637a01e1fb3e3556e757b7720fcaa8c5ae96ef2d2cebef6e36ea66bbb7287
data/PXD078013/metadata/file_inventory.csv,1365,097ed50ceccf8b25a5705635f17b3dc9e8ac7ab5093ec0ed131940908fd3da07
data/PXD078736/metadata/checksum.txt,1818,b3ff933d74d62f3b26d12770b44d0dbdf0fc13452447c62a4d7fd9d4ad99491e
data/PXD078736/metadata/dataset_metadata.csv,396,c112ee8ef4ee9250b8c428fddb707057eff0bbefd2bc89fc47d1a4ba42162b67
data/PXD078736/metadata/file_inventory.csv,2079,4a5f2ce8f09f73a1b0ae2383b0c6f44185d36f0df0a90eead94b46bb0620526c
previous_umap/figures/umap_repair_pies.pdf,154540,67693f7e10cb2c0c861cf7ed42dbd062ef6eaf9c171967f67509330737ca98c0
previous_umap/figures/umap_repair_pies.png,550312,99da3fdcf50be84de029f7f28677d40d30b122064590ee9bb004566cece2e8cd
previous_umap/figures/umap_repair_primary.pdf,14710,684f20986f96d962362c1f04fdb5a03c954707373c6be6ebc555f09008e2453e
previous_umap/figures/umap_repair_primary.png,588689,23edd72055b7b41a063c8a91882d05820deacd0d7a3a66fe3ff270425bd67754
previous_umap/input/GO-repair+damage(human).tsv,737372,6121831cf4d06543eeb2cf1909749489ee77a41d412fcca9afe2d9cddd69f199
previous_umap/input/article_tables/PXD014870.csv,910,86e7e8ccb8b1516fd6d7216c5d195d8a8c18a62169820dd37bf8eef9316e0ccc
previous_umap/input/article_tables/PXD028488.csv,434,98b027eace153a40c203051f8580a5912af38c540466eecbee2bc7cae48007dd
previous_umap/input/article_tables/PXD050470.csv,530,b6fd23babb23d77b8705d16bb6d8c566a1bda7fbacd6903443270c5e877c2ec3
previous_umap/input/article_tables/PXD053474.csv,1865,e8574475cdd01a6fd9262f586f28cb390a3d7ae20747f35615dda8095464c87e
previous_umap/reports/ANALYSIS_FLOW_original.md,6667,4c56bd2db6a31a9b0c25a656ca02e63cf4be6e660bb793d53c81c0a0f1011a71
previous_umap/reports/METHODOLOGY.md,1911,9f61c22263df6e4c82b8a0f6bbe5969f099f8b7f84feb7bddce599c3e2ebb3d5
previous_umap/reports/README_original.md,3226,66ca934c5eeb0abe27b103d2bff054e146b68135375c6d58467d57ce4626c8cf
previous_umap/results/classification_rules.csv,4300,b88f9868d513cd67702c64f6b3ee365c481b4ce3ca7b22eba410347f6af48538
previous_umap/results/evidence_code_counts.csv,134,301b118cc20bfc2f0649e04615b7a1a01dd5ab5c3e2bef17a54193c37e7ce4d4
previous_umap/results/gene_primary_category.csv,8332,9d2380f198a23fd32eee90b925e90ddf75814ce5b1451fad2645d4fe5f0e4d30
previous_umap/results/gene_repair_category_matrix.csv,3718,37e1a4e25eaecc88bce9f13d0bc5260759ee376bd5a670a2c04248c9b1f079f3
previous_umap/results/gene_repair_evidence_long.csv,15649,949a77be56a2b630110ec1a453acf4b785f06204d384e2978ff724fa94f17fe4
previous_umap/results/gene_symbol_conflicts.csv,156,f585cb24f7a9fdab082ba862d4d3714128eed3a740cce229fb1062e9d10d11d3
previous_umap/results/genes_excluded_from_legacy_umap_plot.csv,11781,1c3822bc14d64e70511f0a9efd7dc569ab4a26bf02613c261cec0f01c05f7996
previous_umap/results/genes_without_legacy_umap_coordinates.csv,10914,fe2f7f5685d67396791a80a93377a011674b5c53b3472527eeee742a097b64c8
previous_umap/results/kla_ddr_source_provenance.csv,5398,5d018c8e34e0ebd178928ff8523cfff3f23db31e570667c9a7405816a44091ce
previous_umap/results/kla_ddr_unique_go_repair_damage.csv,4069,869b999f73b544aff308a1ac5d4ae2130ef1c299c7d5e3f9e0f8786a8bd11147
previous_umap/results/repair_category_counts.csv,375,02bf666439841dfc66919ccc125bb6a164f4a79341f170337b193e9ebbcf9373
previous_umap/results/repair_category_evidence_source_counts.csv,112,6863beb2cdc0c06d491bfdf771fd177cca1d1e37b1f6d0ea4a4a58107cb9c67c
previous_umap/results/umap_go_term_feature_matrix.csv,19607,a76fa2b9f3d61dc6f279f42fa2048500f757470325b6fa427147f1b6f7fcf7bc
previous_umap/results/umap_pie_data.csv,30688,649453d0e472a184e6035b1409576743f88ff74d0e84fe5018626733463b6e68
previous_umap/results/umap_plot_data.csv,32878,adf89f45c902042f849bf6d7c655b0c68cbec6f2b2b508ed3650807d8cc76ea1
previous_umap/scripts/plot_umap.R,6659,1e8852b2da840be028b2205b9573ba51d2d4a708b9f90035c4efe40fb0fe9452
previous_umap/scripts/run_workflow.py,29464,69d1f978506f71aa91de28dcae2805e585db74f09edc500a5bfdb603a387e942
reanalysis/README.md,603,ae798e2bacc777eb3e21710553cba016a67aa05643110175d8b047a9961a1849
reanalysis/config/additional_lactylome_pair_files.csv,986,3411153be42b22af7270fba09407eaded514901c7d69354b21c574c348879921
reanalysis/config/datasets.csv,3290,25084ae985a54e5dfd09bd6cc5d49d61e3ecdf565d28c2737df1c861dba8fcf9
reanalysis/config/ensembl_protein_to_uniprot_biomart.tsv,2194633,2a467345b8d6637f0cf6ca2fa8487b185010795336f6845abcb4624298626871
reanalysis/config/ensembl_protein_unmapped_biomart.tsv,82203,bb2c743c6830c258d619bde9bf87cf50da752d6ebe482aa06d3ed63770a2c369
reanalysis/config/four_class_sample_grouping.csv,1666,6b6912fb94ef56c9d7ebacd9631d8b5e57468d28742ece8128dc9702642b2dc4
reanalysis/config/grouping_schemes.csv,912,5f8d7659f81cf0047d2c1f7f0b7526c487542ffcc8dc20942a8829079e269be9
reanalysis/config/healthy_special_reference_catalog.csv,3296,4aab906eacd41e9101e3549858c2b225704f9dfca154e1ffabe300dba31a2761
reanalysis/config/healthy_tissue_reference_files.csv,2938,6e090dbf07f415cd4907b56d5ef02cba985ff287e83addeddbd7fb87d6d136b5
reanalysis/config/human_hippocampus_25_datasets.json,41864,8aa1a03f13be232b846bb71661af46a88b39b31154b7f5e8e58eb78ed080aabe
reanalysis/config/lactylation_regulator_uniprot_mapping.csv,3133,32a8be5d1083ced285c460f44be6401f084be9fc8fb6093cdd4e90442f9be0a9
reanalysis/config/lactylome_acquisition_validation.csv,2377,8833a152bd79e233485f0a8544f544ee2a928204b71d39f0dfbf0f2d3111a405
reanalysis/config/lactylome_dataset_decisions.csv,7082,94498d414bc9a43a96cb5605ee751fd1e115c97b425446a67d2b08d0929f9af9
reanalysis/config/lactylome_manual_curation.csv,5821,e0b564b5427620693e642ad628aa720ff23e033eaccec4e1fc896984e10fffd5
reanalysis/config/lactylome_reference_pairing.csv,24615,0087151b9796c9463e7ee910d6999a03b6736491e5a518c076ac0f96875d709e
reanalysis/config/lactylome_repository_file_exceptions.csv,381,ddcea599f83b0dc5ccc087f79ec5126b3a41facc633ebaba1ee1a56048ffbe0f
reanalysis/config/reference_proteome_selection.json,23476,53562ced3ae98addca79a588c0b79fdce99657037503c7683d70b047d84282ff
reanalysis/config/sample_map.csv,1421,b78698c9063620892d9c69c055f62da6e962639e19975d03d9193e4ff26addbe
reanalysis/config/strict_reference_exclusions.csv,1097,f55cf989bef4d1dcec5006796c83b26dd3cdc1553198d52291ffa22677911e55
reanalysis/config/strict_reference_material_identity_review.csv,8836,c845c446c1ef6e49a07f3badb768ef0f4033d3fb1d306f9d50a3c90fa48669ee
reanalysis/config/uniprot_annotation_supplement.tsv,6563,53149589b975598c0b8f86c73a45fc74ba37e2757e43239a228070fbbecbade3
reanalysis/config/uniprot_human_all_2026-08-06.tsv,16407614,3dacc3c8593371ede35911e23302535e0de15faa585eb9ec63a9b49f3af74c04
reanalysis/config/uniprot_human_reviewed_2026-08-05.tsv,2720401,2284ec6bb4d32805b9a3d3ee7e0049b58843f517ad5f00ef9b191c3d2ffdb200
reanalysis/intermediate/expanded_ddr_by_accession/ensembl_protein_to_uniprot_mapping_used.csv,729852,7dd3be545800b7d3f1d96097681818cb5bcca4f1d6a673e6638fadb123be12dd
reanalysis/intermediate/expanded_ddr_by_accession/kla_proteins_by_sample_group.csv,2747166,2849848f2e7c1c4451cbf6b0b9a29e63d8c0c14d81e0fcb8e3d32631b07c6484
reanalysis/intermediate/expanded_ddr_by_accession/reference_proteins_by_sample_group.csv,16456682,214069b225463cbbcb697c000179719966ed6e2892698a92db204ab2bdfa2994
reanalysis/intermediate/go_intersection/PXD014870_kla_go_ddr.csv,8825,aed5a909e00146127a074366600c11bdb56572400aa443bf1c23084e4a3444a6
reanalysis/intermediate/go_intersection/PXD028488_kla_go_ddr.csv,55041,1c8bb5b6c021e76e35ebde63ad6d2ad8ada8313d5c21e136fd362d43692dd882
reanalysis/intermediate/go_intersection/PXD050470_kla_go_ddr.csv,12401,5dd94f456f5a67bb2efbc243df608616fc7f3552404e05d3f90de63f44f63694
reanalysis/intermediate/go_intersection/PXD053474_kla_go_ddr.csv,112074,fdb5234f7c76aefb8536f8af7de05c357fd0f5eecfee27d3591cf55ba0975b70
reanalysis/intermediate/go_intersection/PXD060185_kla_go_ddr.csv,94701,718db97045935f9cbf8ee10b68ff7efd3a7d9649c2e099a2d2395f8dc6e476c0
reanalysis/intermediate/go_intersection/PXD078013_kla_go_ddr.csv,55681,d0372bfc38c8d2144098de34ebc8953ba82f1767c46c73a9970fd19e92d665cc
reanalysis/intermediate/go_intersection/PXD078736_kla_go_ddr.csv,50990,56f727216fc19defa347bdcf4822ff4b21f070635f51ccb5f8bf10ed134afbd9
reanalysis/intermediate/go_intersection/all_pxd_kla_go_ddr_proteins.csv,388207,fc5a174dd48e3e8a6017d744d8540b89efadc0f7fedde5c46b2c31f05e2e716f
reanalysis/intermediate/kla_by_dataset/PXD014870_sample_level_kla_sites.csv,252757,f3da28d21e2900e9a585743f06f77922e55c27064c692e3f6a852c2484857159
reanalysis/intermediate/kla_by_dataset/PXD014870_sensitivity_localization_0.75.csv,237732,b41a78c6b6e75aece971ee0842090d7c487da301c8322333dead02a4584e96b7
reanalysis/intermediate/kla_by_dataset/PXD028488_sample_level_kla_sites.csv,2516181,b9921e36be38a2b9b407b7dfdca0144272181e8759c7335f551798dd0ae4b4b9
reanalysis/intermediate/kla_by_dataset/PXD050470_sample_level_kla_sites.csv,3805262,523d2dd3f58095467140828687c03cc20df346f313abaf057ed354991f129e22
reanalysis/intermediate/kla_by_dataset/PXD053474_sample_level_kla_sites.csv,5784284,6faea7d18c4df10225c26377d789fc8b682f418bc41e95f96ad2381fde083d83
reanalysis/intermediate/kla_by_dataset/PXD060185_sample_level_kla_sites.csv,3795468,aa2b2721ebe3114eaa4e9f2f56478669838616b4b518aa287db7578bc38e1f9b
reanalysis/intermediate/kla_by_dataset/PXD078013_sample_level_kla_sites.csv,5329115,3d27c68b68b9b4aa44f82703bc109ebe10948e72a9a3a1c49e32cf9dcb1cb67a
reanalysis/intermediate/kla_by_dataset/PXD078736_sample_level_kla_sites.csv,2993357,4908981d9fe4c43836d56a9c034fd0965e92700a7c00da35dd5b7ef7deb30b08
reanalysis/intermediate/kla_by_dataset/all_included_and_audit_kla_evidence.csv,26340154,30e1b9fc10651d8fb950820e580564e52a09c9207fbdc6d9a06e6bc19acb1266
reanalysis/intermediate/kla_by_dataset/all_primary_sample_level_kla_sites.csv,24473928,3c1b8b380730a2c77a17f8d390c84c92cb41431aaf4af1da39a8ceb507680b39
reanalysis/intermediate/reference_proteomes/hct116_reference_ddr_proteins.csv,87084,60601f403b520c56dfbf0cea0b83f57009c8993ea8151435dfec705375a8421b
reanalysis/intermediate/reference_proteomes/hct116_reference_proteins.csv,787968,91c5d9b799c89007e09ee4c0e4711570450293fe91e4d07223bc1eaaf761866c
reanalysis/intermediate/reference_proteomes/hek293t_reference_ddr_proteins.csv,132253,60ce09264d5f21142f474211cf19c78f0097bedf36721654f5a266231e0d2776
reanalysis/intermediate/reference_proteomes/hek293t_reference_proteins.csv,1401852,c1955b312638e4cc74a3701dccf35036d5f5af6d996038ee89d4e3b96f92fb97
reanalysis/intermediate/reference_proteomes/hk_2_reference_ddr_proteins.csv,99956,83998b3e29da9265f49dddada1b486541e51efaafc0f83c6e85e3c43641a70a7
reanalysis/intermediate/reference_proteomes/hk_2_reference_proteins.csv,963663,6d55319e28a0fd92dacdca3c64503876490d3dd2d268f94545bf56ac4e4fcdbe
reanalysis/intermediate/reference_proteomes/human_hippocampus_reference_ddr_proteins.csv,26400,b9bfc32ea1000ca59c86b1fa180247841548e805d1835168f22ec2bef062b914
reanalysis/intermediate/reference_proteomes/human_hippocampus_reference_proteins.csv,471183,fd6840d723d9a01b249a790dac35555859ddbfc26d3ad11025d52750c0f15f3d
reanalysis/intermediate/reference_proteomes/mcf10a_reference_ddr_proteins.csv,102998,94f718b60a9e77869c2258ddafb91c7b93cff2c4ed2618e9308bd09757ac7b0c
reanalysis/intermediate/reference_proteomes/mcf10a_reference_proteins.csv,1041304,a8ca6217ffc161b9b2df9c9957b0e8eeb90740fed8b1b2ab2f0e03aa7b2e06fc
reanalysis/intermediate/reference_proteomes/mcf7_reference_ddr_proteins.csv,65574,16ec7832de2205fad783d73314971c6b68a2d50b171a5b50634a2107cca978dc
reanalysis/intermediate/reference_proteomes/mcf7_reference_proteins.csv,593124,338899217466b4ae41e2a9cd9ef603969f514f05790ed177a1c95e4686d57d56
reanalysis/intermediate/reference_proteomes/mda_mb_468_reference_ddr_proteins.csv,74927,dfe46c44f5c5956f12d2e99ef44ed297d9ac884c79e7ddfc64d311d6ea2de8fe
reanalysis/intermediate/reference_proteomes/mda_mb_468_reference_proteins.csv,761691,3d5618786f38926f45af748cea10a8d7e91f6f4173b39bd278082b189726393b
reanalysis/intermediate/reference_proteomes/rko_reference_ddr_proteins.csv,78881,4051ec31203bf4ae51b861ba8101193c0ccfdb067d8c6b6e705e42e4f6f77af1
reanalysis/intermediate/reference_proteomes/rko_reference_proteins.csv,686073,4719ccc296d71136e9780ae73196b3b9c18c1928797ff71c4e544574aa927e04
reanalysis/intermediate/reference_proteomes/t_47d_reference_ddr_proteins.csv,72243,14719e4a994b115beaea10aa801934e153ab36a9e50fa8e1017f7d9284c9dd38
reanalysis/intermediate/reference_proteomes/t_47d_reference_proteins.csv,675730,e2ff315028ca9f6143442bd2f9ded553e6684c0580873ebc8d153788ce024bfb
reanalysis/intermediate/reference_proteomes/t_all_reference_ddr_proteins.csv,86368,910eecb14fd642a9bb76b0f851733e355f39ed5df26c584962d5a8ffb46ce6dc
reanalysis/intermediate/reference_proteomes/t_all_reference_proteins.csv,664551,0527350e2fef5505d90eaa4f704dfbeee17f36b779f020869e4634ef027f36d1
reanalysis/logs/cell_type_kla_ddr_statistics_workbook_inspect.ndjson,22583,5613b7ca469259f49c6c3263df36758940e65b02677a3feb8d4c729358d2d372
reanalysis/logs/kla_regulator_intensity_20260805.log,463,58491da41af81b31f1fef84e5f83d02c7dd5b37f9dc43e1447300d18e46c7f2d
reanalysis/logs/lactylome_acquisition_20260803.log,1592,0344118605a7eb157355e61a83ac04c5238873bebd956cfd3b2d91467ad68741
reanalysis/logs/lactylome_acquisition_R_sessionInfo.txt,594,e953af1fb941e357865a4f32cb2f3a8cb826a4239af7bc0766f366df2cb8ffd1
reanalysis/logs/lactylome_acquisition_final_file_manifest.tsv,20524,12cd45ad0b02c1378acf1aa2e96ff0be9bb36b917a750a18378ee84d50bf8ba3
reanalysis/logs/pipeline_run_2026-07-22.log,157,d8cd4566630848fd586ff7c8c1d44dce568c8c258588070ee2194ffd3d58851a
reanalysis/logs/pipeline_run_2026-07-23.log,157,d8cd4566630848fd586ff7c8c1d44dce568c8c258588070ee2194ffd3d58851a
reanalysis/logs/reference_proteome_ddr_analysis_2026-07-30.log,1529,8e5247d8f9c2cc3d8590fdcaaa24d31327b54dd26bebc92dea393f9e457b14e9
reanalysis/logs/software_environment.csv,110,ffc7802436f19b4eea2811f7a727c73664f3e4bd91b1cf9209fd04d5d09060d0
reanalysis/logs/test_run_2026-07-22.log,2029,fbd82cce1a0dce408f2eb3dd69b9cc2cd052191733f540c09c0c1a09bfe40a8f
reanalysis/logs/test_run_2026-07-23.log,2345,00322b72b7207b52bc5a1c9dfc03bf67508b819272c3180521b3cb5612bab7a7
reanalysis/logs/test_run_reference_ddr_2026-07-30.log,0,e3b0c44298fc1c149afbf4c8996fb92427ae41e4649b934ca495991b7852b855
reanalysis/reports/ARCHIVE_REVIEW_2026-08-07.md,2698,3821158584f6394aaa9426f7ba591f76b4b60be1fcac095513f8808334d937a2
reanalysis/reports/COMMANDS.md,11650,7524c36249770071a093914b967edcc7ccd7613748b96ddb7ed23a77f62ef047
reanalysis/reports/CURRENT_LACTYLOME_ACQUISITION_STATUS.md,2719,fb2bb235a7e33f9e551f082f53d3a01937c4603c06e9ad1032bdcf17532ed9a5
reanalysis/reports/DATA_SOURCE_AND_ANALYSIS_ALGORITHM.md,23643,1f4e53b4c15603f9e01f39db61b4eb2a1234fa5921074a9b4511556e6fa1353e
reanalysis/reports/DDR_BASEACCESSION_DENOMINATOR_FIX_2026-08-09.md,1865,4a406375a734d8c853e939656b74a657302977e325497c055144c423f8a9b50d
reanalysis/reports/DDR_REFERENCE_DISPLAY_DEDUP_2026-08-08.md,1815,5139aedbf84a1b20cb9f6935bbb7bdde03cac3e13cf4fd6b4f402317825e3a4d
reanalysis/reports/EXPANDED_DDR_FRACTION_ACCESSION_ONLY.md,4730,9fb35c81cd81f6e11c2e6866cc95867e3319fb5099bd43630b8c5a69149c7b81
reanalysis/reports/FINAL_OUTPUT_FILE_LIST_2026-08-07.txt,5677,50d2d87fbbef99bb0eab78927abb1716907584cb78c5c6aca14c0c11ecaa03bf
reanalysis/reports/FINAL_REPORT.md,5250,30b3e5b90b45a63f1ad98a7af57d3560361d55e51061c0ce5499eab3a8037664
reanalysis/reports/HUMAN_HIPPOCAMPUS_25_DATASET_REVIEW_TABLE.md,32743,8761e62d9aa4e02a949823f58e72c2a166decace76a5e938a0455793f8215f01
reanalysis/reports/HUMAN_HIPPOCAMPUS_25_DATASET_SCREENING.md,3159,c92436d327532687beaaecda1780bc4cb1f739d9e5fd832d50a763fa61445b6b
reanalysis/reports/HUMAN_LACTYLOME_DATA_ACQUISITION.md,1580,3870ed374f9acbca2bfd86145f7c61773308a16cf097b1ad8be94859aa5fb485
reanalysis/reports/KLA_REGULATOR_INTENSITY_HEATMAP_METHODS.md,13845,5a8258ec7acd0a31b8f44f95c1266404e2ca4c4e20bdb0f4d034f869670380c6
reanalysis/reports/Kla_DDR_组会汇报_2026-08-09.pptx.inspect.ndjson,29940,c913eef87d2a6a3b14d64858ccc6f370c403bfc4b3b6cd3baea19760b178d76f
reanalysis/reports/Kla_DDR_组会汇报_2026-08-09_QA.txt,1136,094543cd871cf873eaef557b0c59ad6fe0a2779abd142497d99e3a6186c5b194
reanalysis/reports/LACTYLOME_REFERENCE_PAIRING_STATUS.md,3735,c070cba4d486a09f2ce5ed1e78174f364ddfab07c10fc30039a4733e93ff1d7b
reanalysis/reports/METHODS.md,2905,4741068eb5d20bbcaad1f20bbdf0bcf0fd2b01d378a28e358932c9a320800572
reanalysis/reports/METHODS_CURRENT_33GROUP_EN.md,10377,e49d436f86d36ca05ad358b38cd0c5a8141c502ecaa8cff0e407f760076f568a
reanalysis/reports/METHODS_CURRENT_33GROUP_ZH.md,10016,b08b4f3c4359376c0557adf1d8a1a9d4c7f6ca2077ab905dee1682d434077cbe
reanalysis/reports/METHODS_STYLE_REFERENCE.md,1204,481ae4214e61cea7ba0272d54cc93fe67a498943a221a1959d19deba31c0cf8f
reanalysis/reports/PRE_2019_LACTYLATION_EVIDENCE_REVIEW.md,1704,91b811d0141483f6605591b6620adc40dbdde5cc2c04cf5b1816beba8871faf0
reanalysis/reports/REFERENCE_PROTEOME_DDR_ANALYSIS.md,7596,665ce89f468e31d824bb0f359d7e2e2a1d0873ce203d2197f69fe0d891d66291
reanalysis/reports/REFERENCE_PROTEOME_SELECTION.md,5676,70e56029365b41c1dbce4d1275c3027698230090fd22cffad9bcb0c6d66244a2
reanalysis/reports/STRICT_MATERIAL_GRANULARITY_AUDIT_2026-08-08.md,3545,95d220122a9c6c6f8d436e1e4e355cda17a30aa38d172d5e250364ed23736e64
reanalysis/reports/STRICT_REFERENCE_UPDATE_2026-08-08.md,5522,19117d305f13c16a3bf347fde386758df0e7c2efbf6d5a61b7bfd0380f03830b
reanalysis/reports/TEACHER_REVIEW_TABLE_2026-08-08.md,2585,f9e10eedd66b9d3a8203f071a9e9664053365c4c58ed20304cc74b7280a37d98
reanalysis/reports/WHOLE_PROTEOME_HEATMAP_REFERENCE_DEDUP_GCN5_2026-08-09.md,2266,1a288abb4260960aa2bd1f29cd448f36b58835fe015352928b2cffdc7b98d0e3
reanalysis/reports/project_file_inventory.csv,77304,a6c7f4396a650ea497d0e0d7411dee67aba104c3a163fe9f1514a26497b679d8
reanalysis/results/Kla_Venn_figure_legends_bilingual.docx,217869,7c78a20d585a0b97b6c40dd65095b73f5938af9d1a483fade5139f885573d232
reanalysis/results/figures/biologically_conventional_grouping/all_kla_three_group_venn.pdf,13481,c122a778a74bc8d749df0cc8826bdb95ea0afad1aeb7f3cca1f63c7fe98b86b7
reanalysis/results/figures/biologically_conventional_grouping/all_kla_three_group_venn.png,110843,94e98b99cd25c938bcc5ac8b9aae85900d5f3bf9fc70cb2e73457c00cdc1cbf1
reanalysis/results/figures/biologically_conventional_grouping/all_kla_three_group_venn.svg,25513,1d2c956003e62aded6a6418d8ebbf7a34c632b31b9ce8b3d226b8c1973e11022
reanalysis/results/figures/biologically_conventional_grouping/kla_go_ddr_three_group_venn.pdf,14621,61108e304c980f4fb404aa4006fc2ba986ab237f56c5cb8342e4cf3ece2bc7c4
reanalysis/results/figures/biologically_conventional_grouping/kla_go_ddr_three_group_venn.png,107782,9fd320e2abb64c116d1ade7530d24da16121534ecb24435863dbfba5f0377c69
reanalysis/results/figures/biologically_conventional_grouping/kla_go_ddr_three_group_venn.svg,27658,f283984c49be183af0ea390a7f36ef89e3884332dad8acff70d2de7af391d6e5
reanalysis/results/figures/cell_type_kla_vs_reference_ddr_fraction_en.pdf,35668,4288b81d5cf8852bd7b5ce81daa7913171d7c7068d24cbb2bb9d2bcffad95bb6
reanalysis/results/figures/cell_type_kla_vs_reference_ddr_fraction_en.png,1215200,5ce849bcb39a57b94110976cf2dc64497d9a49d28ba83fa44d8a79b1e17a9a91
reanalysis/results/figures/cell_type_kla_vs_reference_ddr_fraction_zh.pdf,84592,9576b124d39c51aa6532dfca5322b94edcab21748184ff5a7df1f7c8f0809976
reanalysis/results/figures/cell_type_kla_vs_reference_ddr_fraction_zh.png,1474345,b408b60c4219c0873bd11b4c7026b7c8f71aac3567246f4731a703ec3c0fa2fd
reanalysis/results/figures/four_class_venn/all_kla_four_class_venn_33groups_en.pdf,28841,c50843425778c336fbd22c5edffe275972b61f7367b6cff3a6344519ad6370be
reanalysis/results/figures/four_class_venn/all_kla_four_class_venn_33groups_en.png,309555,e0ef8dab0b330cd1b24381870f48b19750014be2fce5a12f79e5d8bebe5b9443
reanalysis/results/figures/four_class_venn/all_kla_four_class_venn_33groups_zh.pdf,37863,6eee7175ee9997e47e3ef19db71df42a2fca3bf199c4df9aeb74060e513752ea
reanalysis/results/figures/four_class_venn/all_kla_four_class_venn_33groups_zh.png,324288,cb38fa756b75c3289501c14191aa28bc3c7d8d8329796dc4f7a333eac60f09d6
reanalysis/results/figures/four_class_venn/kla_ddr_four_class_venn_33groups_en.pdf,29393,5572598e34a7831ad304c3c9affbbc4d7225c4f55613b5b021d28df9a7de6acc
reanalysis/results/figures/four_class_venn/kla_ddr_four_class_venn_33groups_en.png,313595,3470d3dc25a22b2f178df172a5d4f46a1b4b6ec7e9bbb87a6b479cc4d727185e
reanalysis/results/figures/four_class_venn/kla_ddr_four_class_venn_33groups_zh.pdf,47334,6c4747a63eec7101163f8154a6a71a9d37dd0d53e336a182ce1f7442f4a39c49
reanalysis/results/figures/four_class_venn/kla_ddr_four_class_venn_33groups_zh.png,325608,e26557ece3c6a74bb8ea5901902b06befb4a8a2f84183add90a209a2915f3af6
reanalysis/results/figures/four_class_venn/reference_proteome_ddr_four_class_venn_33groups_en.pdf,29548,a098ba2daec482d5b8b81a60fa0813077dc381805df01dc1e0ba8d7903a259bd
reanalysis/results/figures/four_class_venn/reference_proteome_ddr_four_class_venn_33groups_en.png,339250,0d59d79100a66e8535855c823672a78e787ceb15ed7059324e27d4560b09d0d7
reanalysis/results/figures/four_class_venn/reference_proteome_ddr_four_class_venn_33groups_zh.pdf,46768,47da0ef40b7e7f02faa529f4682d4a6db76f86a2dd5362272e435fe09a521cce
reanalysis/results/figures/four_class_venn/reference_proteome_ddr_four_class_venn_33groups_zh.png,350844,57f10134de0c2896c326b5f5479c49efd2b5df97c35877c8d0c7a069c9a9d700
reanalysis/results/figures/four_class_venn/reference_proteome_four_class_venn_33groups_en.pdf,29960,175dbcacf52e1da97376a4f2989414b50f25aeffd39e09365e198d719ea16826
reanalysis/results/figures/four_class_venn/reference_proteome_four_class_venn_33groups_en.png,336361,e222cb147e5bbac2dbe449ea49ebed7ff023b25c320241f6cc6b0f794663a8f1
reanalysis/results/figures/four_class_venn/reference_proteome_four_class_venn_33groups_zh.pdf,36663,9fef17712d744d877709d21da03dcaacd7d278643eada659c81bdf76256a0645
reanalysis/results/figures/four_class_venn/reference_proteome_four_class_venn_33groups_zh.png,346822,e7c517d16beb917818bc1304cb4c01680596f508c9ae8bce7f19d6d53616f075
reanalysis/results/figures/kla_go_ddr_three_group_venn.pdf,14621,902225525fca5017d7b69fba7c22089bb579f74a44411843972e511f7faddd45
reanalysis/results/figures/kla_go_ddr_three_group_venn.png,107782,9fd320e2abb64c116d1ade7530d24da16121534ecb24435863dbfba5f0377c69
reanalysis/results/figures/kla_go_ddr_three_group_venn.svg,27658,8bfae1f5dd857668772954d8c6ddbd99c67c8a4dea7b1f92f92084e4710a7fdf
reanalysis/results/figures/kla_regulator_cell_type_detection_landscape.pdf,109262,b8771cfedf78268c23bc38e4dd83b268bc77452e744ff7cfe2ec86f2e7590b00
reanalysis/results/figures/kla_regulator_cell_type_detection_landscape.png,753017,f703cc308f44a8b4685aeb29d739226c3161b1a6f3da4b363b1f231d163dfa1e
reanalysis/results/figures/kla_regulator_cross_study_relative_intensity_heatmap_en.pdf,41502,e2e5f66a20c09c8feda95f856c3fd585630c5dae2f556a497e17bf50518d40f8
reanalysis/results/figures/kla_regulator_cross_study_relative_intensity_heatmap_en.png,629549,3092daf9dbb624cac38410fdd49faf0f00f6ed45af95ea009336d3145c394294
reanalysis/results/figures/kla_regulator_cross_study_relative_intensity_heatmap_zh.pdf,94472,edbe19403c5e92e8a78a169bef52e92111f102ceef10a1bb43f4d7c41af87bc2
reanalysis/results/figures/kla_regulator_cross_study_relative_intensity_heatmap_zh.png,662535,c52199477a9ab8f973f6f1e480b47d69d634c83a2b241c10f4713984d7c62b5f
reanalysis/results/figures/kla_regulator_whole_proteome_relative_intensity_heatmap_en.pdf,43142,415d8a2ceb3cea811b8de77bc136d27e4605ba695ae2bf9c01f276510f5bf65b
reanalysis/results/figures/kla_regulator_whole_proteome_relative_intensity_heatmap_en.png,677051,b6d87d9b40db6cc90f9a9671ab93a19981466c2204668862ba18f848d66efcce
reanalysis/results/figures/kla_regulator_whole_proteome_relative_intensity_heatmap_zh.pdf,91680,eb0063debb9e666d2ac662be27addd95d0dd2810cbd2f4ee31f0810fb233bfbc
reanalysis/results/figures/kla_regulator_whole_proteome_relative_intensity_heatmap_zh.png,735881,d5dbaf1958e52b445105ee26b8b0abc8fbe11cfaf5e735f1b8a9c1441a166cf9
reanalysis/results/figures/kla_regulator_within_pxd_zscore_heatmaps.pdf,118713,b09a637c368c20341db7f7c255a3d184a8fe67d0e1283db7beaeeacd9156c8e1
reanalysis/results/figures/teacher_requested_grouping/all_kla_three_group_venn.pdf,13481,5a9afec855f7abf58fd05ab81b5648e41303f43862f6d1d74a5c368dfb4e4c3b
reanalysis/results/figures/teacher_requested_grouping/all_kla_three_group_venn.png,110843,94e98b99cd25c938bcc5ac8b9aae85900d5f3bf9fc70cb2e73457c00cdc1cbf1
reanalysis/results/figures/teacher_requested_grouping/all_kla_three_group_venn.svg,25513,e8ab4614af408b348c7c2f057c2f1079db3d57ed34a773e41919b6054773f100
reanalysis/results/figures/teacher_requested_grouping/kla_go_ddr_three_group_venn.pdf,14621,64d65d4aad1bbde3046d521293fb6fadb6d0a88b704901e363669d3b7f2af31a
reanalysis/results/figures/teacher_requested_grouping/kla_go_ddr_three_group_venn.png,107782,9fd320e2abb64c116d1ade7530d24da16121534ecb24435863dbfba5f0377c69
reanalysis/results/figures/teacher_requested_grouping/kla_go_ddr_three_group_venn.svg,27658,41bdb7f422263f9703d074afff70b8c44e4f4f8d2a6bc7eaa9342bb5d36c216e
reanalysis/results/tables/accession_gene_mapping_failures.csv,2818,c49075f40b8796a3cf2d00b98bc016e1047a784d221723e3729c7b4f9cecd759
reanalysis/results/tables/all_kla_three_groups_combined.csv,2582300,ac1874aa0041e5b74ee89f025fe3b884d9031265b2fadf5a5d705c4b2ca1e53b
reanalysis/results/tables/all_kla_three_groups_combined_non_deduplicated.csv,5316864,7df399283190f70a4d82d0d0163022c6b9557ae6acfd4a08e91ba8b63cb346cc
reanalysis/results/tables/all_unique_kla_proteins.csv,2360870,d7cee09607a0054e790b9dd6047c1beb14f0a6ab988a2d46094b1f6bba5990f6
reanalysis/results/tables/cell_type_kla_ddr_lactylation_evidence_audit.csv,19127,09be881c9db8e8f2367a5bfe91e58eaf163e775db1b16044394c47bddb8cd1eb
reanalysis/results/tables/cell_type_kla_ddr_statistics.csv,412,d1bf8fba073d4214e2242103c773b5570bc7dfabc059210afe1c9302114c80c7
reanalysis/results/tables/cell_type_kla_ddr_statistics.xlsx,5616,b91c6bf7445964abbf0fc4aff6d5f30d945bf4e77ac02e3112c44d91ae4e9994
reanalysis/results/tables/cell_type_kla_vs_reference_ddr_accession_only_audit.csv,3583,d83588d97ec170c9f769666605413f5ac8780b7dbe7b9d4bf53dbaae7ebc9680
reanalysis/results/tables/cell_type_kla_vs_reference_ddr_plot_rows.csv,32942,cd3693d5a0e1bfe5d86db4a52ae2269e3dec168e7e3a1ca6cc5d1dd5ec0d63c4
reanalysis/results/tables/cell_type_kla_vs_reference_ddr_statistics.xlsx,64343,59fd5f530ad0161e2c33ee6d89908f2b1d57ed4735c0d1d766a6758eeb05ae0d
reanalysis/results/tables/cell_type_kla_vs_reference_ddr_statistics_accession_only.csv,25750,3f4cb46043250f84f1dab8ce539ef2c0a4ce471ff95055fc00a6aaebc3e41053
reanalysis/results/tables/cell_type_kla_vs_reference_ddr_statistics_accession_only_paired_33.csv,22414,3480c244ddfc0e76d2f6aa6b78b1870b12e54f9a5002b323ff5e4c80b7fc2d9e
reanalysis/results/tables/cell_type_kla_vs_reference_ddr_statistics_accession_only_paired_33_zh.csv,19538,d283940c72d3968855af8dfa332bd150aaea6929ee6531e2976b4becd29856b5
reanalysis/results/tables/cell_type_kla_vs_reference_ddr_statistics_accession_only_zh.csv,22131,d537eeee2dde02f7058cb36ccfbd0cf16b8a29c26cd5b52ac15ecacec40b7c35
reanalysis/results/tables/cell_type_reference_control_information.csv,10821,239bde94f171b9e7a502274e669048439373390994cd33874c607971fbd122a3
reanalysis/results/tables/cell_type_reference_control_information_zh.csv,10042,438a898526c14662305269bc54c9ae2f5ed6ee4fb20101052bda81fc2bb2e309
reanalysis/results/tables/cell_type_reference_ddr_statistics.csv,2455,59d349f644466c0260e47feba79021510e14a771e04cee3674bc3f7e54730299
reanalysis/results/tables/cell_type_reference_proteome_selection.csv,15716,0a21eae79e1fa77cce2f514b971117f872e301e435c6efe8672583628def3432
reanalysis/results/tables/cell_type_reference_proteome_selection.xlsx,16267,63caf10b94122765dd9fef8796999772f8605374be69d100eb1fa161296dbf17
reanalysis/results/tables/classification_review_needed.csv,631,0768e595b18c9ad186adc4b1340f91d16247f232d16bd6e6d40942737b5145cb
reanalysis/results/tables/dataset_analysis_summary.csv,3507,925c9f9307be484c49fe2a60062dfe3c9277224bcdf3c37b594bd084c364839b
reanalysis/results/tables/exact_reference_selection_audit.csv,4642,9e027929f42b983e92f26a5f4a645c516ffe0e856fe7d92743ad5c7c5164c104
reanalysis/results/tables/exclusion_log.csv,14693,7417cc0de96cb93d315b1a76b4060dafe5abe047a2ad0a269accd97d3b3e5c21
reanalysis/results/tables/four_class_venn.zip,2801874,1fe8a62ca13e08d1a5c93cf0fe75ae15a738922c0326a12b9b1f7da27e047400
reanalysis/results/tables/four_class_venn/all_kla_four_class_venn/euler_fit_regions.csv,952,bacc1f824676d87688de0c2bd228e2dd83d0d523cda3fc287950f689d37e9e23
reanalysis/results/tables/four_class_venn/all_kla_four_class_venn/euler_fit_summary.csv,62,253a89512a8368d492b5dd08e1195a9268800c088b7853325bae00fba0f635be
reanalysis/results/tables/four_class_venn/all_kla_four_class_venn/id_annotation_mapping.csv,2115663,42c85bb7992323e342af91bbbe165c134ee08f9847afdf33332e9bf865cbbcc3
reanalysis/results/tables/four_class_venn/all_kla_four_class_venn/membership.csv,2506764,16b515a4bea8210ee5c6df4d8ad3505c876a34ae2d892b769dff0a03af79e613
reanalysis/results/tables/four_class_venn/all_kla_four_class_venn/region_counts.csv,589,02a600c04406d2cf930c118214bdc4576d5fa65479d98504d507dc59d1550232
reanalysis/results/tables/four_class_venn/all_kla_four_class_venn/set_counts.csv,266,4d181c17638fd7fa4ebe4b367f9831ed09184e6d715e3facfa95bc851b04ab87
reanalysis/results/tables/four_class_venn/kla_ddr_four_class_venn/euler_fit_regions.csv,1053,b953fede2ec7c066448af92ad0bc15286a850dc8e020222bef2e4bdb88abc8f1
reanalysis/results/tables/four_class_venn/kla_ddr_four_class_venn/euler_fit_summary.csv,62,e0cd8155be4c0d453f92e5bad714e6d099bbfc1eb5dc2a271d9a5833783660cf
reanalysis/results/tables/four_class_venn/kla_ddr_four_class_venn/id_annotation_mapping.csv,136831,e2478c59d857284403654c006836eed03f280d4a46f870b5fac022d0529252b5
reanalysis/results/tables/four_class_venn/kla_ddr_four_class_venn/membership.csv,159398,c72bbab9f16e2dd851fafaf8335aa68b236ffb2a4f5d3110171eb0142fd02eab
reanalysis/results/tables/four_class_venn/kla_ddr_four_class_venn/region_counts.csv,570,4e728c38a8ff5e940eb36be19eabdbef41d263787f84cb2d0779f107bdc125ed
reanalysis/results/tables/four_class_venn/kla_ddr_four_class_venn/set_counts.csv,262,780e9fcad1edbdce2c909e9c054ed281acd4ed89f5e884188882132d1d2508b6
reanalysis/results/tables/four_class_venn/reference_proteome_ddr_four_class_venn/euler_fit_regions.csv,865,09ac2c2cf6a814c26c21e400ea67c8cba9e31ccb7babda577893701ee00dbac7
reanalysis/results/tables/four_class_venn/reference_proteome_ddr_four_class_venn/euler_fit_summary.csv,77,32081dee0a5c4d65c2e012a76e4b3aa69bc33eb7c4cc406011e3743302b5321c
reanalysis/results/tables/four_class_venn/reference_proteome_ddr_four_class_venn/id_annotation_mapping.csv,197330,234a9bb9d34e50fdc8926ba5fd77e38e52a7e7db496284256e91e6d390ebcb58
reanalysis/results/tables/four_class_venn/reference_proteome_ddr_four_class_venn/membership.csv,229211,c9f22d1ba592d614bbdaba372ebf24738b660ceee0dd0a6ac56cc8967c2b37d6
reanalysis/results/tables/four_class_venn/reference_proteome_ddr_four_class_venn/region_counts.csv,573,34cd1dc0ee543b04f177d8487161b4e28fa2aa3cd2f8b17d0dca17e71f9d463a
reanalysis/results/tables/four_class_venn/reference_proteome_ddr_four_class_venn/set_counts.csv,262,52f792691dcf4bb0c3352bcd38ca1254528ee472349aabb69bbb842722199ca7
reanalysis/results/tables/four_class_venn/reference_proteome_four_class_venn/euler_fit_regions.csv,957,0d3944ba43523861fc549d8af327c90d1dd9c4a0b84b40aa022d189687f0db6f
reanalysis/results/tables/four_class_venn/reference_proteome_four_class_venn/euler_fit_summary.csv,71,9b0a9215725c8ebeacaf8fd70a858b0a46f96338abcd181853b55fc3e1120749
reanalysis/results/tables/four_class_venn/reference_proteome_four_class_venn/id_annotation_mapping.csv,5431030,52ef86b950de3cf16a8bdc2913ba31c592b7778501bdb320e98b6c93e42bfc3e
reanalysis/results/tables/four_class_venn/reference_proteome_four_class_venn/membership.csv,6505560,9eb1217020bda01d5e3ff72602088dfe34e181636c5c98acdea0caa7ad87abda
reanalysis/results/tables/four_class_venn/reference_proteome_four_class_venn/region_counts.csv,596,942503e0f8c875570a88f1b1513a4d63abbf9a91de8479e644d41412f60a6d50
reanalysis/results/tables/four_class_venn/reference_proteome_four_class_venn/set_counts.csv,269,487cab33c10637424ae2d9e8af9052a0470289ba93757b4b79cd1a8e9a51662c
reanalysis/results/tables/four_class_venn/venn_sample_group_scope.csv,3436,feb3c7152038f27e7c5f519bea219c2fa080f2c945b57474f067c3e59a7a3d95
reanalysis/results/tables/four_class_venn_tables.xlsx,3078154,6e32e322cbc56ad1d8988f3952b8b434d85ba8704b4c21fa7399ff0f0d3eda78
reanalysis/results/tables/go_unmatched_kla_proteins.csv,2442343,26c89450d23764ea635e8537be882b941348e758ea225b6c1a858855e6dcd4ae
reanalysis/results/tables/healthy_special_reference_acquisition_manifest.csv,6291,a0b8a48645e0fd2d302a907bc623570d4d572bca9fe00faae5127e075ba5f97e
reanalysis/results/tables/healthy_tissue_reference_acquisition_manifest.csv,5096,21b749a010003fb8df3c49a4eb0130aa4d7fa2e8c8e1aa3a89619f42d6ecb388
reanalysis/results/tables/human_hippocampus_25_datasets_overview.csv,25466,755ed0839246d8c5422a1fefdcdcf98ff1e7214fa8cc0e18acc8725f6c4327f0
reanalysis/results/tables/human_hippocampus_25_datasets_overview.xlsx,47100,7d64a10a92b4f7d49132f9e20b4dc59bbece910ad778a132ebbe80c18c3979de
reanalysis/results/tables/human_lactylome_inventory_summary.csv,1114,6a46f3fe4de18856f925cc1a5371230ebe2709fe9f9f4811f7df27e13f0b5b76
reanalysis/results/tables/human_lactylome_mass_spectrometry_inventory.csv,154299,23d39f3e0f702cc1eb1b723455be11a5de55800f425a51796e1df5129c2ced9e
reanalysis/results/tables/human_lactylome_mass_spectrometry_inventory.xlsx,148030,6cf5baf32fcb594c528edd60d19073a4c968e720f50f49bb26838d738d2a4a10
reanalysis/results/tables/human_lactylome_normal_material_candidates.csv,24141,a17395c16600c4dd49927b4d16529f3f6200c33f87d050536c01a9e18bb536a5
reanalysis/results/tables/human_lactylome_repository_file_manifest.csv,294208,4fd7ce7e9c449c103636d37fb4d61eba4c751850bd5c031f6212eac3443b6575
reanalysis/results/tables/kla_and_reference_teacher_review_focus_zh.csv,9044,01bfb9ee591fb6dffd651479fd40188555659ec0273ffeab9f02b69a27c74234
reanalysis/results/tables/kla_and_reference_teacher_review_zh.csv,37629,6f4a3e9d49b7d630cc3ff943de9525ca617808c6b45e941a4051ac40722bcdfa
reanalysis/results/tables/kla_and_reference_teacher_review_zh.xlsx,25104,d4084503d3588fff0a48b8a7946ffa7e3cd9d7b3ea9632e0e1c746bb1b59897c
reanalysis/results/tables/kla_go_ddr_three_groups_combined.csv,270464,180700ab7000fa682ad66a279f4868d1edbcc441a4ab60ecbe64798f91fa1052
reanalysis/results/tables/kla_go_ddr_three_groups_combined_non_deduplicated.csv,570332,6ba83819cb5903e3908863c9fc99eabad97a2454832938a2169d3d41568486c8
reanalysis/results/tables/kla_regulator_cell_type_long.csv,594804,c295fdb5fde0a17a74d5c88874a33f77d20f239099b5fc22342bfc349a541810
reanalysis/results/tables/kla_regulator_cell_type_site_matrix.csv,30165,7e351495fff20d1c961b0d4fa31ff79d3bc50f75be30627f2ce06c94a790df1c
reanalysis/results/tables/kla_regulator_dataset_audit.csv,7267,f0821f58a8984a69fe62dd20b48695c5afca16a1ef4e12137570cffee4db2fa9
reanalysis/results/tables/kla_regulator_detection_summary.csv,15351,ac7483c650d4f3770ca237a449eb23b11b9aa1a22ec380c80333f938a1f6b430
reanalysis/results/tables/kla_regulator_heatmap_axis_order.csv,9245,b1c81096685ac856112eabf253734e9d13ca1825945b90d895b4aeecc723004e
reanalysis/results/tables/kla_regulator_intensity_availability_audit.csv,22844,ce429f3a90b0a9d0b63e14ec8e1bec061a7c8ec71b153f3b43b847f45e9eb33c
reanalysis/results/tables/kla_regulator_intensity_id_mapping_audit.csv,4401,ba7b75990c4dccdbb310c04e25d3314b1400739b8f9f2bfce0c9fdca580f8153
reanalysis/results/tables/kla_regulator_intensity_plot_exclusions.csv,2316,110f79934853c7090f3b76a40113f1fe23555d0adf7f9f6de6b1243cf21aeb09
reanalysis/results/tables/kla_regulator_intensity_pure_white_audit.csv,8562,5643bd778dfe1c314d0a6755d6847f7f56fe473b12ba6b14636e5496bb46d698
reanalysis/results/tables/kla_regulator_intensity_sample_level_long.csv,1255697,e362561dc4fa2c66eb9e0e9fe977fa5927b839977802193fd76114a5b7f3efbb
reanalysis/results/tables/kla_regulator_normalized_intensity_long.csv,590324,385fae35ef9b554e5f6ff7a610642d367595ae6314c31eda957d86c2f9abf50e
reanalysis/results/tables/kla_regulator_whole_proteome_algorithm_audit.csv,1646,17617f2d3c908d50d5b105c08a0c5ff03721de9b7de3c3c5d1368df4353459fd
reanalysis/results/tables/kla_regulator_whole_proteome_ensembl_mapping_audit.csv,6385,4a62869a4c6fd7126fe4fbc2c241c0d0506ae8af47f505be764b9d466f66f1e3
reanalysis/results/tables/kla_regulator_whole_proteome_heatmap_display_long.csv,1204284,77de9c237ce0e9dfa2d47e72e516cb13253a2582605521d34e7a397c195a3334
reanalysis/results/tables/kla_regulator_whole_proteome_heatmap_rows.csv,20050,93c6df8a6314e847cca8acc1a7784a509598ee1c5bb3af9821e97d6995c3957c
reanalysis/results/tables/kla_regulator_whole_proteome_intensity_availability_audit.csv,17846,07821e44f5b0672a77be5d7edd0bf6622b05c5f5b5149bf8c446625b29249b78
reanalysis/results/tables/kla_regulator_whole_proteome_normalized_long.csv,224961,5d556ad0d2170f7e4e466e816e311d3880820b932ab86d8785962a2848e6f052
reanalysis/results/tables/kla_regulator_whole_proteome_regulator_sample_level_long.csv,5538584,6eb54aefcf689a8a8044362825fa26fed4ba4d21c338e18e488128d6b47e2e67
reanalysis/results/tables/kla_regulator_whole_proteome_sample_level_long.csv,651565411,38fadef8070ee0ac33e2ada7d561a251d3e482ec5c490b97e6f86a43c3e174f8
reanalysis/results/tables/kla_regulator_whole_proteome_strict_scope_exclusions.csv,1082,907a70c791460dac1cc1f640f761f5def467e166b945795bcee9cc7e6ef7a4a9
reanalysis/results/tables/kla_regulator_within_pxd_zscore_long.csv,581168,6cc25396a10f237f8f20c2259dfba43c4dc2d7658f5c044a2a4bed87156b6ca7
reanalysis/results/tables/kla_vs_whole_proteome_heatmap_axis_alignment.csv,9245,b1c81096685ac856112eabf253734e9d13ca1825945b90d895b4aeecc723004e
reanalysis/results/tables/lactylome_and_reference_proteome_gaps_zh.csv,9081,dca92989186e5eb1e41574ce08057cf75a8a1aad59ef4cae74c91d9b9e567652
reanalysis/results/tables/lactylome_and_reference_proteome_pairing_zh.csv,70703,190518954c6f5c5630a373b6240293898ac41f2b440cb6d9f67e4c7dc2d0680e
reanalysis/results/tables/lactylome_and_reference_proteome_pairing_zh.xlsx,50119,099767967c1530b47ad6fabe1e76ca595961857595fd438735c7d8dd21f0ed01
reanalysis/results/tables/lactylome_dataset_decisions_zh.csv,20868,68c478c1616cb62c695841bad6899fcccc67ca4fe6e50e667b326a6bbede1b32
reanalysis/results/tables/lactylome_group_two_reference_columns_complete_zh.csv,37736,1820fda0e9599282e9467d65e144723c8730a299f5706b62aa6f0a1b895e2c06
reanalysis/results/tables/lactylome_pair_download_manifest.csv,14939,d1894643682ba8a6df440ac0ff1cec419a01259dc6be71e4609f9a74e4bd0479
reanalysis/results/tables/lactylome_pair_extraction_manifest.csv,1521,7a6514c56da86fd6931628a1477059ebd3604472c7a263c08226fbd7fc7b7c21
reanalysis/results/tables/lactylome_pair_remote_file_sizes.csv,28955,842b2e245bbd5dffdfb837ff281cbfa0ed3250a1b9664e6e94b0b31c770ef11f
reanalysis/results/tables/lactylome_reference_all_gaps_zh.csv,17665,fdb8106a9aabb25fbe972f029ed9ffac9b7eead323d909a908496e5dd42b55d5
reanalysis/results/tables/lactylome_reference_pairing_summary_zh.csv,595,9f85c69156b695591cb8e5671940d2a66584f93713f01dfeb2526c01a3b5a316
reanalysis/results/tables/per_pxd/PXD014870_unique_kla_proteins.csv,61673,ccc266249adcaf9b13f5b5aa15d78f79341ce9f3eff51d04122a6bc386549efe
reanalysis/results/tables/per_pxd/PXD028488_unique_kla_proteins.csv,414076,0be7b5444d5f0a96b17d7daf947216e331eb41380c497a7baaa5d0c9deaf8be6
reanalysis/results/tables/per_pxd/PXD050470_unique_kla_proteins.csv,221024,a729ade135fa11df1ac766c9c9530cb4ff17eeb68c0c4ca0875fa9bda752a5df
reanalysis/results/tables/per_pxd/PXD053474_unique_kla_proteins.csv,788701,99f3a32f266d80d22cb444b6205787ceeb5479f7add54405965bc2261f335409
reanalysis/results/tables/per_pxd/PXD060185_unique_kla_proteins.csv,480697,5ddb43868a561a3b044b2acc9e1fcdda4e3d7c0f9a38693b9b2dbe6e2ad2484d
reanalysis/results/tables/per_pxd/PXD078013_unique_kla_proteins.csv,385841,4fb28bb390fb9602ecaf68d7c065449b67a1707669a6b6aefeedf682ece445c0
reanalysis/results/tables/per_pxd/PXD078736_unique_kla_proteins.csv,271659,178ebfc779547145c8ecebebb8d6d0fd20f02d3c84ee7e741745bf42a68261dc
reanalysis/results/tables/pre_2019_lactylation_dataset_review.csv,898,ff09aa83d0917d6e7d2b34f022078cf1c6af44765d845e850e26d7ea465ede9b
reanalysis/results/tables/priority_dataset_acquisition_manifest.csv,11376,24d982cc1a12a885436a613a5068783c8ae470916baee32de93a9dcaed85b454
reanalysis/results/tables/priority_dataset_acquisition_qc_summary_zh.csv,2473,19e49c851e27cf001daef5d5f45679145ae56c4550fd2d5eaa642dfff3a63c09
reanalysis/results/tables/pxd028488/diagnostic_ion_156_supported_evidence.csv,2137365,4448dd2eecabada25218c4d821037489f91b380f339f73eb1e94061e2e5486a2
reanalysis/results/tables/pxd028488/directory_audit.csv,3212,e9532b0fa6cfd8916759d862d2150094efc3b0fc53f0668684f8338a74ef6f41
reanalysis/results/tables/pxd028488/excluded_directories_and_reasons.csv,1089,f65a706a5b5088258409dfa332d5f809b2bed026d083b91d284f3132cf5a21be
reanalysis/results/tables/pxd028488/included_directories.csv,2314,8e6d6947cf9970d0139b0752c8b0699cc20bbb26ffdfaa215d93015aa8c960b5
reanalysis/results/tables/pxd028488/old_vs_new_directory_coverage.csv,3212,e9532b0fa6cfd8916759d862d2150094efc3b0fc53f0668684f8338a74ef6f41
reanalysis/results/tables/pxd053474/consistent.csv,142133,d72b5fd81511e3aaf28ecd144f814261663bc64fc38b0d5e249b1001e7835b85
reanalysis/results/tables/pxd053474/inconsistent.csv,158,1bdf532e4f9defc028a853452da8fbd5bd6f562cce4835fc21e049a40bfc0d8c
reanalysis/results/tables/pxd053474/search_only.csv,118099,489259a070b3c0af088ae94ed2aaf66680e4179113b67a827d279baee99a004b
reanalysis/results/tables/pxd053474/search_vs_supplementary_all.csv,260381,1f715199cb0e298ddaf73025d46ba0d839fd8aa93235972f0710b9235733fe11
reanalysis/results/tables/pxd053474/single_mode_search_only_audit_evidence.csv,764080,6c4d927e08d9ffe2cda90074ab738a3a71cd563c1d0d05ad1bcabbcc1533107d
reanalysis/results/tables/pxd053474/supplementary_only.csv,465,ce18c0648c86bc68f13117b3a757cd0ded87b518df2e0fbf75d291be10271a4b
reanalysis/results/tables/reference_proteome_all_proteins.csv,8044961,4d4a7dffd51bb084cd51a3139221b5992c26ead3ea07fd32dbc739ea15544726
reanalysis/results/tables/reference_proteome_ddr_proteins.csv,824506,7c3b50b438f13b25785222c1c7329f56b254f5422e19d37358c639696822e9d0
reanalysis/results/tables/reference_proteome_go_unmatched.csv,7220697,c91053c0c2537c17a84329de74bd85ae02513cd5defc2775f160c8336eb792e6
reanalysis/results/tables/reference_proteome_pxd030304_sample_audit.csv,787,2d38f211aea521688755204816ddeeb7ad87ef459e2664d7ac42977ceba7282a
reanalysis/results/tables/reference_proteome_source_manifest.csv,1270,72662805af581603250f9f6dd8bb12a3ef5a87e8ef22cd4e2d1bb9101e4c5d1d
reanalysis/results/tables/regression_old_vs_new_detail.csv,285787,2e6255212626231f5d4e3d472cb80aea572169b8671ac4a288847d3bc26a6072
reanalysis/results/tables/regression_old_vs_new_summary.csv,273,f4e7616a9b9d418e2566113b05961270637c69df84d368c949a95981b16a2fac
reanalysis/results/tables/strict_reference_exclusion_audit.csv,2229,543a3ccb79f559e52fcc9496064f2dbc96d9ffa0d8a26becfb16ba45b071cf2f
reanalysis/results/tables/strict_reference_material_identity_audit.csv,27935,c4a18d372e14fc35c817d24ac4ee18bed4b8b4ee44738cd2eabbe46475923b38
reanalysis/results/tables/strict_reference_material_identity_audit_zh.csv,27968,01a0a0d5680fc616cee05731c6c4a0d9660e36f40f21e95620cc209cabc45ace
reanalysis/results/tables/tall104_surrogate_ddr_sensitivity.csv,257,cb9082d7ac46e46cdccef50e500123ca690d65c05d3dcd070a51bceabf5aa3cf
reanalysis/results/tables/target_protein_evidence_trace_MRE11_XLF_NBS1.csv,2102,e2c2fab2fd89b53461bb10c15ea98666d98f0de63307c8311f711300e6704506
reanalysis/results/tables/target_protein_source_level_audit_MRE11_XLF_NBS1.csv,14157,e0061cec219dc8d77aeb05f0fde75af2b4e1d1a60d0def50d1ff0c2fa8dfc09c
reanalysis/results/tables/tumor_specific_kla_ddr_proteins.csv,35849,c6055a532567aba83e1492a466988b75af277bc2df726974fc3c5c592505f0f0
reanalysis/results/tables/tumor_specific_kla_proteins.csv,314865,57630ded9aa8ea233902ca25c4573112640e5daf4ec183aecd91baf9015fe0be
reanalysis/results/tables/venn_all_schemes_counts.csv,1783,7a36c8b9e17aa4226f62c22a999f6385d773889494861e64bf6d32d60009533a
reanalysis/results/tables/venn_regions/all_kla/all_three.csv,580031,588c51d0d5d60725343e847a148135551e31e3ef23a9000ab936e722f19d92dc
reanalysis/results/tables/venn_regions/all_kla/hippocampus_and_normal_only.csv,19395,572537d417d4b94dfb6df92233ae24a257aa145932f1713e097d879a90ea9c73
reanalysis/results/tables/venn_regions/all_kla/hippocampus_and_tumor_only.csv,107309,cbe0f32d057c328027b13bf774d607608e9c62e432e19e90ab52d5a59cccb75d
reanalysis/results/tables/venn_regions/all_kla/hippocampus_only.csv,113695,4cda1f3aa225fbc66ecd666c720f2313b3b8b30d253e6737a8e8ba2938281a42
reanalysis/results/tables/venn_regions/all_kla/hippocampus_tissue_all.csv,819929,a1a5e0b85469f30c57d6565f5b7253360a652746856ebe26a06809da1f8af2fd
reanalysis/results/tables/venn_regions/all_kla/normal_and_tumor_only.csv,1266335,7eac3a267dad668e4e94dfde2b8e0e3c7651a5315d9d3d1b54634bd8f21723d3
reanalysis/results/tables/venn_regions/all_kla/normal_immortalized_cell_lines_all.csv,1930966,14e67377cace086f4ef43ee828a50b23c02f8f1e715b70a90b6445d71da313bb
reanalysis/results/tables/venn_regions/all_kla/normal_only.csv,65706,206c71c31cd712fce2f055ea983f33dcc4685da6020e517a3894ddac062ac7b5
reanalysis/results/tables/venn_regions/all_kla/tumor_cell_lines_all.csv,2268039,2416e6fa018cb2a4a5e95f5651c2424cec13c20c367e40d1eb7132d1993b97e3
reanalysis/results/tables/venn_regions/all_kla/tumor_only.csv,314865,57630ded9aa8ea233902ca25c4573112640e5daf4ec183aecd91baf9015fe0be
reanalysis/results/tables/venn_regions/all_kla/venn_membership.csv,73633,4a1f0bccd8772bdfb4689cea81e03c5d906ea875a68ff0e559c4c915133e6097
reanalysis/results/tables/venn_regions/all_kla/venn_region_counts.csv,178,4800cd9e89f87e75968db2dc9fa9cd86980831419c20cce8137a3ecedb29b486
reanalysis/results/tables/venn_regions/biologically_conventional_grouping/all_kla/all_kla_three_groups_combined.csv,2582300,ac1874aa0041e5b74ee89f025fe3b884d9031265b2fadf5a5d705c4b2ca1e53b
reanalysis/results/tables/venn_regions/biologically_conventional_grouping/all_kla/all_kla_three_groups_combined_non_deduplicated.csv,5316864,7df399283190f70a4d82d0d0163022c6b9557ae6acfd4a08e91ba8b63cb346cc
reanalysis/results/tables/venn_regions/biologically_conventional_grouping/all_kla/all_three.csv,580031,588c51d0d5d60725343e847a148135551e31e3ef23a9000ab936e722f19d92dc
reanalysis/results/tables/venn_regions/biologically_conventional_grouping/all_kla/hippocampus_and_normal_only.csv,19395,572537d417d4b94dfb6df92233ae24a257aa145932f1713e097d879a90ea9c73
reanalysis/results/tables/venn_regions/biologically_conventional_grouping/all_kla/hippocampus_and_tumor_only.csv,107309,cbe0f32d057c328027b13bf774d607608e9c62e432e19e90ab52d5a59cccb75d
reanalysis/results/tables/venn_regions/biologically_conventional_grouping/all_kla/hippocampus_only.csv,113695,4cda1f3aa225fbc66ecd666c720f2313b3b8b30d253e6737a8e8ba2938281a42
reanalysis/results/tables/venn_regions/biologically_conventional_grouping/all_kla/hippocampus_tissue_all.csv,819929,a1a5e0b85469f30c57d6565f5b7253360a652746856ebe26a06809da1f8af2fd
reanalysis/results/tables/venn_regions/biologically_conventional_grouping/all_kla/normal_and_tumor_only.csv,1266335,7eac3a267dad668e4e94dfde2b8e0e3c7651a5315d9d3d1b54634bd8f21723d3
reanalysis/results/tables/venn_regions/biologically_conventional_grouping/all_kla/normal_immortalized_cell_lines_all.csv,1930966,14e67377cace086f4ef43ee828a50b23c02f8f1e715b70a90b6445d71da313bb
reanalysis/results/tables/venn_regions/biologically_conventional_grouping/all_kla/normal_only.csv,65706,206c71c31cd712fce2f055ea983f33dcc4685da6020e517a3894ddac062ac7b5
reanalysis/results/tables/venn_regions/biologically_conventional_grouping/all_kla/tumor_cell_lines_all.csv,2268039,2416e6fa018cb2a4a5e95f5651c2424cec13c20c367e40d1eb7132d1993b97e3
reanalysis/results/tables/venn_regions/biologically_conventional_grouping/all_kla/tumor_only.csv,314865,57630ded9aa8ea233902ca25c4573112640e5daf4ec183aecd91baf9015fe0be
reanalysis/results/tables/venn_regions/biologically_conventional_grouping/all_kla/venn_membership.csv,73633,4a1f0bccd8772bdfb4689cea81e03c5d906ea875a68ff0e559c4c915133e6097
reanalysis/results/tables/venn_regions/biologically_conventional_grouping/all_kla/venn_region_counts.csv,178,4800cd9e89f87e75968db2dc9fa9cd86980831419c20cce8137a3ecedb29b486
reanalysis/results/tables/venn_regions/biologically_conventional_grouping/kla_go_ddr/all_three.csv,63906,72d6b9851f92b7a63ac970983e559c2b63fbf891c15b1ccfad096886e38384d9
reanalysis/results/tables/venn_regions/biologically_conventional_grouping/kla_go_ddr/hippocampus_and_normal_only.csv,167,c543cf951bc6168c58148f07ef3673b7012fa59ea069862e6035f8700eb73302
reanalysis/results/tables/venn_regions/biologically_conventional_grouping/kla_go_ddr/hippocampus_and_tumor_only.csv,4985,0c2bcd05e93c9df59db99090ba367bfba3d5e6bf811c880b905bc163ae97626b
reanalysis/results/tables/venn_regions/biologically_conventional_grouping/kla_go_ddr/hippocampus_only.csv,1316,ceacc3ed91fa938a1a8acda876d8722f9fe8bfa4c852dddedfb2fc2e1530ef45
reanalysis/results/tables/venn_regions/biologically_conventional_grouping/kla_go_ddr/hippocampus_tissue_all.csv,69873,f6dc1b145f01661b01ec3353009f271e6c6d50c25bb2cdbb3c135b61d30ef85d
reanalysis/results/tables/venn_regions/biologically_conventional_grouping/kla_go_ddr/kla_go_ddr_three_groups_combined.csv,270464,180700ab7000fa682ad66a279f4868d1edbcc441a4ab60ecbe64798f91fa1052
reanalysis/results/tables/venn_regions/biologically_conventional_grouping/kla_go_ddr/kla_go_ddr_three_groups_combined_non_deduplicated.csv,570332,6ba83819cb5903e3908863c9fc99eabad97a2454832938a2169d3d41568486c8
reanalysis/results/tables/venn_regions/biologically_conventional_grouping/kla_go_ddr/normal_and_tumor_only.csv,149924,719e0eeee40dcd1192fc25eed964b8c4a40642b2c0184517f596c560267c84df
reanalysis/results/tables/venn_regions/biologically_conventional_grouping/kla_go_ddr/normal_immortalized_cell_lines_all.csv,217623,1e34d25ea138f1ec4afb5af24b60e948848f3d893ccf86d143da7c16311fc6f4
reanalysis/results/tables/venn_regions/biologically_conventional_grouping/kla_go_ddr/normal_only.csv,4127,f77268691a488c1e162d2b894a8ca0d3ce833f747855c19bb98adc5ca66006b5
reanalysis/results/tables/venn_regions/biologically_conventional_grouping/kla_go_ddr/tumor_cell_lines_all.csv,254163,8336b9080e447ac2768295d108418e649c41386c28c6e70f9c952449ec77904d
reanalysis/results/tables/venn_regions/biologically_conventional_grouping/kla_go_ddr/tumor_only.csv,35849,c6055a532567aba83e1492a466988b75af277bc2df726974fc3c5c592505f0f0
reanalysis/results/tables/venn_regions/biologically_conventional_grouping/kla_go_ddr/venn_membership.csv,6530,3e1358341f5fe39b50c5401e02ec6556a9fc75bd06baf0a7988ed7ddec9fc316
reanalysis/results/tables/venn_regions/biologically_conventional_grouping/kla_go_ddr/venn_region_counts.csv,169,a6d34b67232da496c492e161aed675ff45b21f1aadce825c23e5bd5b86387f1b
reanalysis/results/tables/venn_regions/kla_go_ddr/all_three.csv,63906,72d6b9851f92b7a63ac970983e559c2b63fbf891c15b1ccfad096886e38384d9
reanalysis/results/tables/venn_regions/kla_go_ddr/hippocampus_and_normal_only.csv,167,c543cf951bc6168c58148f07ef3673b7012fa59ea069862e6035f8700eb73302
reanalysis/results/tables/venn_regions/kla_go_ddr/hippocampus_and_tumor_only.csv,4985,0c2bcd05e93c9df59db99090ba367bfba3d5e6bf811c880b905bc163ae97626b
reanalysis/results/tables/venn_regions/kla_go_ddr/hippocampus_only.csv,1316,ceacc3ed91fa938a1a8acda876d8722f9fe8bfa4c852dddedfb2fc2e1530ef45
reanalysis/results/tables/venn_regions/kla_go_ddr/hippocampus_tissue_all.csv,69873,f6dc1b145f01661b01ec3353009f271e6c6d50c25bb2cdbb3c135b61d30ef85d
reanalysis/results/tables/venn_regions/kla_go_ddr/normal_and_tumor_only.csv,149924,719e0eeee40dcd1192fc25eed964b8c4a40642b2c0184517f596c560267c84df
reanalysis/results/tables/venn_regions/kla_go_ddr/normal_immortalized_cell_lines_all.csv,217623,1e34d25ea138f1ec4afb5af24b60e948848f3d893ccf86d143da7c16311fc6f4
reanalysis/results/tables/venn_regions/kla_go_ddr/normal_only.csv,4127,f77268691a488c1e162d2b894a8ca0d3ce833f747855c19bb98adc5ca66006b5
reanalysis/results/tables/venn_regions/kla_go_ddr/tumor_cell_lines_all.csv,254163,8336b9080e447ac2768295d108418e649c41386c28c6e70f9c952449ec77904d
reanalysis/results/tables/venn_regions/kla_go_ddr/tumor_only.csv,35849,c6055a532567aba83e1492a466988b75af277bc2df726974fc3c5c592505f0f0
reanalysis/results/tables/venn_regions/kla_go_ddr/venn_membership.csv,6530,3e1358341f5fe39b50c5401e02ec6556a9fc75bd06baf0a7988ed7ddec9fc316
reanalysis/results/tables/venn_regions/kla_go_ddr/venn_region_counts.csv,169,a6d34b67232da496c492e161aed675ff45b21f1aadce825c23e5bd5b86387f1b
reanalysis/results/tables/venn_regions/teacher_requested_grouping/all_kla/all_kla_three_groups_combined.csv,2582300,ac1874aa0041e5b74ee89f025fe3b884d9031265b2fadf5a5d705c4b2ca1e53b
reanalysis/results/tables/venn_regions/teacher_requested_grouping/all_kla/all_kla_three_groups_combined_non_deduplicated.csv,5316864,7df399283190f70a4d82d0d0163022c6b9557ae6acfd4a08e91ba8b63cb346cc
reanalysis/results/tables/venn_regions/teacher_requested_grouping/all_kla/all_three.csv,580031,588c51d0d5d60725343e847a148135551e31e3ef23a9000ab936e722f19d92dc
reanalysis/results/tables/venn_regions/teacher_requested_grouping/all_kla/hippocampus_and_normal_only.csv,19395,572537d417d4b94dfb6df92233ae24a257aa145932f1713e097d879a90ea9c73
reanalysis/results/tables/venn_regions/teacher_requested_grouping/all_kla/hippocampus_and_tumor_only.csv,107309,cbe0f32d057c328027b13bf774d607608e9c62e432e19e90ab52d5a59cccb75d
reanalysis/results/tables/venn_regions/teacher_requested_grouping/all_kla/hippocampus_only.csv,113695,4cda1f3aa225fbc66ecd666c720f2313b3b8b30d253e6737a8e8ba2938281a42
reanalysis/results/tables/venn_regions/teacher_requested_grouping/all_kla/hippocampus_tissue_all.csv,819929,a1a5e0b85469f30c57d6565f5b7253360a652746856ebe26a06809da1f8af2fd
reanalysis/results/tables/venn_regions/teacher_requested_grouping/all_kla/normal_and_tumor_only.csv,1266335,7eac3a267dad668e4e94dfde2b8e0e3c7651a5315d9d3d1b54634bd8f21723d3
reanalysis/results/tables/venn_regions/teacher_requested_grouping/all_kla/normal_immortalized_cell_lines_all.csv,1930966,14e67377cace086f4ef43ee828a50b23c02f8f1e715b70a90b6445d71da313bb
reanalysis/results/tables/venn_regions/teacher_requested_grouping/all_kla/normal_only.csv,65706,206c71c31cd712fce2f055ea983f33dcc4685da6020e517a3894ddac062ac7b5
reanalysis/results/tables/venn_regions/teacher_requested_grouping/all_kla/tumor_cell_lines_all.csv,2268039,2416e6fa018cb2a4a5e95f5651c2424cec13c20c367e40d1eb7132d1993b97e3
reanalysis/results/tables/venn_regions/teacher_requested_grouping/all_kla/tumor_only.csv,314865,57630ded9aa8ea233902ca25c4573112640e5daf4ec183aecd91baf9015fe0be
reanalysis/results/tables/venn_regions/teacher_requested_grouping/all_kla/venn_membership.csv,73633,4a1f0bccd8772bdfb4689cea81e03c5d906ea875a68ff0e559c4c915133e6097
reanalysis/results/tables/venn_regions/teacher_requested_grouping/all_kla/venn_region_counts.csv,178,4800cd9e89f87e75968db2dc9fa9cd86980831419c20cce8137a3ecedb29b486
reanalysis/results/tables/venn_regions/teacher_requested_grouping/kla_go_ddr/all_three.csv,63906,72d6b9851f92b7a63ac970983e559c2b63fbf891c15b1ccfad096886e38384d9
reanalysis/results/tables/venn_regions/teacher_requested_grouping/kla_go_ddr/hippocampus_and_normal_only.csv,167,c543cf951bc6168c58148f07ef3673b7012fa59ea069862e6035f8700eb73302
reanalysis/results/tables/venn_regions/teacher_requested_grouping/kla_go_ddr/hippocampus_and_tumor_only.csv,4985,0c2bcd05e93c9df59db99090ba367bfba3d5e6bf811c880b905bc163ae97626b
reanalysis/results/tables/venn_regions/teacher_requested_grouping/kla_go_ddr/hippocampus_only.csv,1316,ceacc3ed91fa938a1a8acda876d8722f9fe8bfa4c852dddedfb2fc2e1530ef45
reanalysis/results/tables/venn_regions/teacher_requested_grouping/kla_go_ddr/hippocampus_tissue_all.csv,69873,f6dc1b145f01661b01ec3353009f271e6c6d50c25bb2cdbb3c135b61d30ef85d
reanalysis/results/tables/venn_regions/teacher_requested_grouping/kla_go_ddr/kla_go_ddr_three_groups_combined.csv,270464,180700ab7000fa682ad66a279f4868d1edbcc441a4ab60ecbe64798f91fa1052
reanalysis/results/tables/venn_regions/teacher_requested_grouping/kla_go_ddr/kla_go_ddr_three_groups_combined_non_deduplicated.csv,570332,6ba83819cb5903e3908863c9fc99eabad97a2454832938a2169d3d41568486c8
reanalysis/results/tables/venn_regions/teacher_requested_grouping/kla_go_ddr/normal_and_tumor_only.csv,149924,719e0eeee40dcd1192fc25eed964b8c4a40642b2c0184517f596c560267c84df
reanalysis/results/tables/venn_regions/teacher_requested_grouping/kla_go_ddr/normal_immortalized_cell_lines_all.csv,217623,1e34d25ea138f1ec4afb5af24b60e948848f3d893ccf86d143da7c16311fc6f4
reanalysis/results/tables/venn_regions/teacher_requested_grouping/kla_go_ddr/normal_only.csv,4127,f77268691a488c1e162d2b894a8ca0d3ce833f747855c19bb98adc5ca66006b5
reanalysis/results/tables/venn_regions/teacher_requested_grouping/kla_go_ddr/tumor_cell_lines_all.csv,254163,8336b9080e447ac2768295d108418e649c41386c28c6e70f9c952449ec77904d
reanalysis/results/tables/venn_regions/teacher_requested_grouping/kla_go_ddr/tumor_only.csv,35849,c6055a532567aba83e1492a466988b75af277bc2df726974fc3c5c592505f0f0
reanalysis/results/tables/venn_regions/teacher_requested_grouping/kla_go_ddr/venn_membership.csv,6530,3e1358341f5fe39b50c5401e02ec6556a9fc75bd06baf0a7988ed7ddec9fc316
reanalysis/results/tables/venn_regions/teacher_requested_grouping/kla_go_ddr/venn_region_counts.csv,169,a6d34b67232da496c492e161aed675ff45b21f1aadce825c23e5bd5b86387f1b
reanalysis/scripts/acquire_data.R,114665,9bfe2bc158766d1ffe52ca9191dcdbd5cda27f21c70fd5cb7bf189bf656edf25
reanalysis/scripts/analyze_ddr.R,122278,e6bffb761b5c6894c8a8399c4fe38f6a92e3360bc868c443aa4ce6f75bfc6465
reanalysis/scripts/analyze_expanded_ddr_fraction_by_accession.R,57748,6d90c2aaad9320ed27cb25f781f324c9317ebac54cfb121df516b682a53a6c2d
reanalysis/scripts/analyze_kla_regulator_intensity.R,49240,b3969d474324bff543dedd63720c71b27c90458f75318af016ae1bd64f20766f
reanalysis/scripts/analyze_kla_regulator_whole_proteome_intensity.R,53699,7504a97efc761f6f391c819a46f56fde5ecf696145fbe45be3c695b981c65638
reanalysis/scripts/apply_exact_reference_policy.R,7380,e821775081e9b5ef5c0ab93dbd82e8ae2f749b3e450c9d67704dfe5e09da1e51
reanalysis/scripts/audit_target_sources.py,8438,92f3949668c685b060705ca9b652f008c7ccd2c24e275c11090f0afce8d386be
reanalysis/scripts/build_37group_deliverable_workbooks.mjs,14508,5bea3e4308ba30029417554890c72827d07f01e31b228228df984316ff9188e2
reanalysis/scripts/build_cell_type_statistics_workbook.mjs,4340,c46707993c239e55efd082ffb7fa36115709974610dd06a2d5881be65b177311
reanalysis/scripts/build_ensembl_uniprot_mapping.R,4018,6ed94f6db9c95def5b7204efcbed34c8026f07ce76f89d399aa1164021f51e23
reanalysis/scripts/build_final_manifest.R,4049,80152f6acce8a95ea5402d165a3bb538ac9ab0026d39955289eb628f289b85e0
reanalysis/scripts/build_healthy_special_reference_manifest.R,1920,e1db7bac938c2bf7f9b25303a749d84c1b9e477fc5ac0f0027ca0805ec04e2ba
reanalysis/scripts/build_hippocampus_review_md.mjs,4646,57740dd47b63fb1f831c85797e78f5d082739c9476b9a165e1fc53e992b181fe
reanalysis/scripts/build_human_lactylome_inventory.R,17951,cb7f5a6e746526eef5d92917c5690d08ee2d5926bda141e44b384a0bb8488923
reanalysis/scripts/build_lactylome_acquisition_manifests.R,6628,90869426f3c3fc5966339a4ea7be4107ee18a5f7a8a875fbc33c9fdbbf1db489
reanalysis/scripts/build_lactylome_reference_pairing.R,51801,47f198de8a375650e17a0db49c5eaa3af2a233ea7a0fa6b51914b40a003c348f
reanalysis/scripts/build_project_metadata.py,8730,7b3da2f0d81da45b42bb51bca6a111b5394f705e7005d484632bfa2a5298a216
reanalysis/scripts/build_reference_ddr_comparison_workbook.mjs,26671,5eac1f4161470ac6a098b5cd8a40f985f007179af71c92858426c4d3b0b2e3d7
reanalysis/scripts/build_reference_proteome_selection_workbook.mjs,18958,3c5d1973d4c0f1564981c39982cd1b4b8f1ad846f140778cb23060fa0c3b1897
reanalysis/scripts/build_strict_reference_material_identity_audit.R,6390,a2086f83a8b6e391d18946cfb826ea393e102706f1b2294d5f38e53ccedc21d6
reanalysis/scripts/build_teacher_review_table.R,9326,e6261caa2eb714bbfe6468af82436a9fa48bba52fd54338e636eddffa53aa481
reanalysis/scripts/build_teacher_review_workbook.mjs,11807,10d2cb1644e8cdf7d8c371b9560b1989e3a24b79df81aaaeee6d85b72a0253ae
reanalysis/scripts/build_venn_combined_workbook.mjs,6138,5860333ead230c24d732000b4c33e8a4c373e5823efcf1172a129852ad23150c
reanalysis/scripts/build_workbooks.R,61096,0ad2ed26e6a5e2d305f7ff9403a29f7289f57863e9776801b08b95f037b692cf
reanalysis/scripts/common.py,7639,aefb035d8fe9cd78da3f0291d6fc8f32245952a21a8cf56dcace173b889f770f
reanalysis/scripts/create_bilingual_figure_legends_docx.js,7751,b8b9cde3b139b6ed824d55b0d32b7c1d86ebc64772463dbdc17abc54f0a2dc02
reanalysis/scripts/download_healthy_tissue_references.R,4668,cc4266b4fdf1bc01c38a4a7a675be0dfb4eca6d1fee550df3251023fcf2d0c1f
reanalysis/scripts/download_lactylome_pair_files.R,5912,4e73cc48db951edf71f9e854771664282a7bfac71416a282ed12a37ff78506a0
reanalysis/scripts/extract_lactylome_pair_archives.R,2249,8956613801cca239b9c00e527a46969b47d85f70862254bd4635ece4d862dc7d
reanalysis/scripts/extractors.py,44887,afce986666291598181401e2df00e5d6e45d63741527aae4d249cdd8ee4dfc5a
reanalysis/scripts/lib/accession_utils.R,2749,695a3ae16851db3f64190684ea6af3dbf291c900ae2bb3af65f85b8c6bcfcf8d
reanalysis/scripts/lib/extractors.R,5182,4ab9dfbab7aadb928f84cf6bdd0cf552bae5ed9d1f5c3e2001dd9f8d01b16872
reanalysis/scripts/lib/io_utils.R,1576,f66557f78d2efe01127dbc2a375a0fd85d453930d09fbe5a2dc6f98697c72adc
reanalysis/scripts/lib/test_lib_self_check.R,4468,f831ca18d0fc203b196eb7eb318dea75448329a23653b9ceaa03661a3d3e62ea
reanalysis/scripts/lib/verify_outputs.R,1462,44070685daecc5a072fe5fd0b7da12cf65195309394a29e4e6f4a7ecc8717a4d
reanalysis/scripts/plot_four_class_area_proportional_venn.R,20251,c715db4346dca0d50d3ae23fcf44490b4d3755dceeecd9ee3be8c2d826a7b0cf
reanalysis/scripts/plot_kla_regulator_landscape.R,31972,b2f68f13f281e0ecbf73db5ca9564a25594c84f9123a9c0a989a6cbdecbe036e
reanalysis/scripts/probe_lactylome_pair_files.R,3336,4818bcbaa75144a18eda99f42c1659be365b54702ec6f120b81cae433b3617a1
reanalysis/scripts/register_additional_lactylome_pair_files.R,2325,2d78978b8b325624a1a19a1723f5b951aa0468c5c36a64288e022d574ce4b59c
reanalysis/scripts/run_pipeline.py,29825,9145ef503a76b940376ebe035608d22688a282da0c5064b777afbdbc09f8c833
reanalysis/scripts/summarize_acquired_lactylome_data.R,7347,d48b01a2ed20046c627701f8a0e982fe094af4ee9c67106575111df5feb1e02a
reanalysis/tests/test_expanded_ddr_fraction_by_accession.R,10480,02158eb4f92a9a9a302a81ca078ce1e176946c74919114e66c341d8be4eb8eb9
reanalysis/tests/test_four_class_area_proportional_venn.R,8452,fa2982d4d40c7746442d6f6c49f98c216e193f95c83d6f361538ae9856566020
reanalysis/tests/test_kla_regulator_intensity.R,8426,6297518338d1a1de2cfbe99bbb918dcefa3037e593937efeea1861c852198519
reanalysis/tests/test_kla_regulator_landscape.R,3261,6b236d8d03118573cadd6a021748deb1cb93093b58727f21dd811e0e1835bf45
reanalysis/tests/test_kla_regulator_whole_proteome_intensity.R,14267,f961c0b87d4716dab3b7fa9884d0867670242ace107374f4a9d36740851cbfdf
reanalysis/tests/test_lactylome_acquisition.R,10546,f441839c9e562cd88061e7d38a7b566ccb8942e5704cd474d155823de41c081c
reanalysis/tests/test_pipeline.py,13529,a2f5c1ea7acb1df7a427cbfed2df558034590d6e8158c946e2c07b0b0c05d034
reanalysis/tests/test_strict_reference_material_identity.R,1842,83bd18250cb466e133e366a18ad56c32edd24cea1ca374f719c1807886f475b0
reanalysis/tests/test_teacher_review_table.R,4492,d2de5dd5a6422b4fdc66c8e052f95a497085827e46c549874a59a5b2a5abcef9
