RowOrder,PXD,SampleGroup,Category,DisplayGroup,Dataset,SampleID,ConditionLabel,SampleClass,ObservationType,SourceMode,SourceFile,ReferencePXD,ProteinCount,DdrProteinCount,DdrFraction,DdrFractionPercentage,FrozenKlaProteinCount,FrozenKlaDdrProteinCount,FrozenKlaDdrFraction,FrozenReferenceProteinCount,FrozenReferenceDdrProteinCount,FrozenReferenceDdrFraction
1,PXD033146,pathological rotator cuff tendon,normal_tissue,Pathological rotator-cuff tendon,Lactylome (Kla),RCT1,RCT1,replicate,sample,deposited_sample_table,PXD033146/search_results/extracted_pairing/search_result-HA119TPLa/La (K)Sites.txt,PXD033146,463,23,0.0496760259179266,4.96760259179266,571,30,5.25394045534151,3984,154,3.86546184738956
1,PXD033146,pathological rotator cuff tendon,normal_tissue,Pathological rotator-cuff tendon,Lactylome (Kla),RCT2,RCT2,replicate,sample,deposited_sample_table,PXD033146/search_results/extracted_pairing/search_result-HA119TPLa/La (K)Sites.txt,PXD033146,464,23,0.0495689655172414,4.95689655172414,571,30,5.25394045534151,3984,154,3.86546184738956
1,PXD033146,pathological rotator cuff tendon,normal_tissue,Pathological rotator-cuff tendon,Lactylome (Kla),RCT3,RCT3,replicate,sample,deposited_sample_table,PXD033146/search_results/extracted_pairing/search_result-HA119TPLa/La (K)Sites.txt,PXD033146,464,23,0.0495689655172414,4.95689655172414,571,30,5.25394045534151,3984,154,3.86546184738956
1,PXD033146,pathological rotator cuff tendon,normal_tissue,Pathological rotator-cuff tendon,Whole proteome,RCT1,RCT1,replicate,sample,deposited_sample_table,PXD033146/search_results/extracted_pairing/search_result-HA119TQ/proteinGroups.txt,PXD033146,3574,140,0.0391717963066592,3.91717963066592,571,30,5.25394045534151,3984,154,3.86546184738956
1,PXD033146,pathological rotator cuff tendon,normal_tissue,Pathological rotator-cuff tendon,Whole proteome,RCT2,RCT2,replicate,sample,deposited_sample_table,PXD033146/search_results/extracted_pairing/search_result-HA119TQ/proteinGroups.txt,PXD033146,3574,140,0.0391717963066592,3.91717963066592,571,30,5.25394045534151,3984,154,3.86546184738956
1,PXD033146,pathological rotator cuff tendon,normal_tissue,Pathological rotator-cuff tendon,Whole proteome,RCT3,RCT3,replicate,sample,deposited_sample_table,PXD033146/search_results/extracted_pairing/search_result-HA119TQ/proteinGroups.txt,PXD033146,3574,140,0.0391717963066592,3.91717963066592,571,30,5.25394045534151,3984,154,3.86546184738956
2,PXD036307,normal human lung,normal_tissue,Normal human lung tissue,Lactylome (Kla),PTB340,PTB340,replicate,sample,deposited_sample_table,PXD036307/search_results/extracted/txt/La (K)Sites.txt,PXD010154,266,15,0.056390977443609,5.6390977443609,474,31,6.54008438818565,14022,668,4.76394237626587
2,PXD036307,normal human lung,normal_tissue,Normal human lung tissue,Lactylome (Kla),PTB342,PTB342,replicate,sample,deposited_sample_table,PXD036307/search_results/extracted/txt/La (K)Sites.txt,PXD010154,262,21,0.0801526717557252,8.01526717557252,474,31,6.54008438818565,14022,668,4.76394237626587
2,PXD036307,normal human lung,normal_tissue,Normal human lung tissue,Lactylome (Kla),PTB344,PTB344,replicate,sample,deposited_sample_table,PXD036307/search_results/extracted/txt/La (K)Sites.txt,PXD010154,199,13,0.0653266331658292,6.53266331658292,474,31,6.54008438818565,14022,668,4.76394237626587
2,PXD036307,normal human lung,normal_tissue,Normal human lung tissue,Lactylome (Kla),PTB346,PTB346,replicate,sample,deposited_sample_table,PXD036307/search_results/extracted/txt/La (K)Sites.txt,PXD010154,335,21,0.0626865671641791,6.26865671641791,474,31,6.54008438818565,14022,668,4.76394237626587
2,PXD036307,normal human lung,normal_tissue,Normal human lung tissue,Lactylome (Kla),PTB364,PTB364,replicate,sample,deposited_sample_table,PXD036307/search_results/extracted/txt/La (K)Sites.txt,PXD010154,346,22,0.0635838150289017,6.35838150289017,474,31,6.54008438818565,14022,668,4.76394237626587
2,PXD036307,normal human lung,normal_tissue,Normal human lung tissue,Lactylome (Kla),PTB372,PTB372,replicate,sample,deposited_sample_table,PXD036307/search_results/extracted/txt/La (K)Sites.txt,PXD010154,264,11,0.0416666666666667,4.16666666666667,474,31,6.54008438818565,14022,668,4.76394237626587
2,PXD036307,normal human lung,normal_tissue,Normal human lung tissue,Whole proteome,PXD010154_aggregate,PXD010154_aggregate,aggregate,aggregate,validated_reference_membership,PXD010154/search_results/extracted_healthy_tissues/lung/P013163_lung_proteinGroups.txt,PXD010154,12358,606,0.0490370610131089,4.90370610131089,474,31,6.54008438818565,14022,668,4.76394237626587
3,PXD046800,hypertrophic scar,normal_tissue,Hypertrophic scar tissue,Lactylome (Kla),HSP1,HSP1,replicate,sample,deposited_sample_table,PXD046800/search_results/HFX2_LFQ_QB001_Lacty_PeptideGroups.txt,PXD046800,336,13,0.0386904761904762,3.86904761904762,402,19,4.72636815920398,2193,83,3.78476972184223
3,PXD046800,hypertrophic scar,normal_tissue,Hypertrophic scar tissue,Lactylome (Kla),HSP2,HSP2,replicate,sample,deposited_sample_table,PXD046800/search_results/HFX2_LFQ_QB001_Lacty_PeptideGroups.txt,PXD046800,298,13,0.0436241610738255,4.36241610738255,402,19,4.72636815920398,2193,83,3.78476972184223
3,PXD046800,hypertrophic scar,normal_tissue,Hypertrophic scar tissue,Lactylome (Kla),HSP3,HSP3,replicate,sample,deposited_sample_table,PXD046800/search_results/HFX2_LFQ_QB001_Lacty_PeptideGroups.txt,PXD046800,315,14,0.0444444444444444,4.44444444444444,402,19,4.72636815920398,2193,83,3.78476972184223
3,PXD046800,hypertrophic scar,normal_tissue,Hypertrophic scar tissue,Lactylome (Kla),HSP4,HSP4,replicate,sample,deposited_sample_table,PXD046800/search_results/HFX2_LFQ_QB001_Lacty_PeptideGroups.txt,PXD046800,333,14,0.042042042042042,4.2042042042042,402,19,4.72636815920398,2193,83,3.78476972184223
3,PXD046800,hypertrophic scar,normal_tissue,Hypertrophic scar tissue,Whole proteome,HSP1,HSP1,replicate,sample,deposited_sample_table,PXD046800/search_results/HFX2_LFQ_QB002_Proteins.txt,PXD046800,1899,75,0.0394944707740916,3.94944707740916,402,19,4.72636815920398,2193,83,3.78476972184223
3,PXD046800,hypertrophic scar,normal_tissue,Hypertrophic scar tissue,Whole proteome,HSP2,HSP2,replicate,sample,deposited_sample_table,PXD046800/search_results/HFX2_LFQ_QB002_Proteins.txt,PXD046800,1680,70,0.0416666666666667,4.16666666666667,402,19,4.72636815920398,2193,83,3.78476972184223
3,PXD046800,hypertrophic scar,normal_tissue,Hypertrophic scar tissue,Whole proteome,HSP3,HSP3,replicate,sample,deposited_sample_table,PXD046800/search_results/HFX2_LFQ_QB002_Proteins.txt,PXD046800,1871,74,0.0395510422234099,3.95510422234099,402,19,4.72636815920398,2193,83,3.78476972184223
3,PXD046800,hypertrophic scar,normal_tissue,Hypertrophic scar tissue,Whole proteome,HSP4,HSP4,replicate,sample,deposited_sample_table,PXD046800/search_results/HFX2_LFQ_QB002_Proteins.txt,PXD046800,2017,80,0.0396628656420426,3.96628656420426,402,19,4.72636815920398,2193,83,3.78476972184223
4,PXD046800,adjacent skin,normal_tissue,Adjacent skin tissue,Lactylome (Kla),NSP1,NSP1,replicate,sample,deposited_sample_table,PXD046800/search_results/HFX2_LFQ_QB001_Lacty_PeptideGroups.txt,PXD046800,484,28,0.0578512396694215,5.78512396694215,527,31,5.88235294117647,2205,89,4.03628117913832
4,PXD046800,adjacent skin,normal_tissue,Adjacent skin tissue,Lactylome (Kla),NSP2,NSP2,replicate,sample,deposited_sample_table,PXD046800/search_results/HFX2_LFQ_QB001_Lacty_PeptideGroups.txt,PXD046800,401,22,0.0548628428927681,5.48628428927681,527,31,5.88235294117647,2205,89,4.03628117913832
4,PXD046800,adjacent skin,normal_tissue,Adjacent skin tissue,Lactylome (Kla),NSP3,NSP3,replicate,sample,deposited_sample_table,PXD046800/search_results/HFX2_LFQ_QB001_Lacty_PeptideGroups.txt,PXD046800,392,18,0.0459183673469388,4.59183673469388,527,31,5.88235294117647,2205,89,4.03628117913832
4,PXD046800,adjacent skin,normal_tissue,Adjacent skin tissue,Lactylome (Kla),NSP4,NSP4,replicate,sample,deposited_sample_table,PXD046800/search_results/HFX2_LFQ_QB001_Lacty_PeptideGroups.txt,PXD046800,386,19,0.0492227979274611,4.92227979274611,527,31,5.88235294117647,2205,89,4.03628117913832
4,PXD046800,adjacent skin,normal_tissue,Adjacent skin tissue,Whole proteome,NSP1,NSP1,replicate,sample,deposited_sample_table,PXD046800/search_results/HFX2_LFQ_QB002_Proteins.txt,PXD046800,1986,82,0.0412890231621349,4.12890231621349,527,31,5.88235294117647,2205,89,4.03628117913832
4,PXD046800,adjacent skin,normal_tissue,Adjacent skin tissue,Whole proteome,NSP2,NSP2,replicate,sample,deposited_sample_table,PXD046800/search_results/HFX2_LFQ_QB002_Proteins.txt,PXD046800,1958,81,0.0413687436159346,4.13687436159346,527,31,5.88235294117647,2205,89,4.03628117913832
4,PXD046800,adjacent skin,normal_tissue,Adjacent skin tissue,Whole proteome,NSP3,NSP3,replicate,sample,deposited_sample_table,PXD046800/search_results/HFX2_LFQ_QB002_Proteins.txt,PXD046800,1963,83,0.0422822210901681,4.22822210901681,527,31,5.88235294117647,2205,89,4.03628117913832
4,PXD046800,adjacent skin,normal_tissue,Adjacent skin tissue,Whole proteome,NSP4,NSP4,replicate,sample,deposited_sample_table,PXD046800/search_results/HFX2_LFQ_QB002_Proteins.txt,PXD046800,1900,78,0.0410526315789474,4.10526315789474,527,31,5.88235294117647,2205,89,4.03628117913832
5,PXD050470,human hippocampus,normal_tissue,Human hippocampus tissue,Lactylome (Kla),H072,H072,replicate,sample,deposited_supplementary_table,PXD050470/supplementary/prca2331-sup-0005-tables3.xlsx,PXD050470,853,29,0.0339976553341149,3.39976553341149,853,29,3.39976553341149,6082,219,3.60078921407432
5,PXD050470,human hippocampus,normal_tissue,Human hippocampus tissue,Lactylome (Kla),H081,H081,replicate,sample,deposited_supplementary_table,PXD050470/supplementary/prca2331-sup-0005-tables3.xlsx,PXD050470,853,29,0.0339976553341149,3.39976553341149,853,29,3.39976553341149,6082,219,3.60078921407432
5,PXD050470,human hippocampus,normal_tissue,Human hippocampus tissue,Lactylome (Kla),H187,H187,replicate,sample,deposited_supplementary_table,PXD050470/supplementary/prca2331-sup-0005-tables3.xlsx,PXD050470,853,29,0.0339976553341149,3.39976553341149,853,29,3.39976553341149,6082,219,3.60078921407432
5,PXD050470,human hippocampus,normal_tissue,Human hippocampus tissue,Whole proteome,H072,H072,replicate,sample,deposited_supplementary_table,PXD050470/supplementary/prca2331-sup-0006-tables4.xlsx,PXD050470,6082,219,0.0360078921407432,3.60078921407432,853,29,3.39976553341149,6082,219,3.60078921407432
5,PXD050470,human hippocampus,normal_tissue,Human hippocampus tissue,Whole proteome,H081,H081,replicate,sample,deposited_supplementary_table,PXD050470/supplementary/prca2331-sup-0006-tables4.xlsx,PXD050470,6082,219,0.0360078921407432,3.60078921407432,853,29,3.39976553341149,6082,219,3.60078921407432
5,PXD050470,human hippocampus,normal_tissue,Human hippocampus tissue,Whole proteome,H187,H187,replicate,sample,deposited_supplementary_table,PXD050470/supplementary/prca2331-sup-0006-tables4.xlsx,PXD050470,6082,219,0.0360078921407432,3.60078921407432,853,29,3.39976553341149,6082,219,3.60078921407432
6,PXD063047,normal pregnancy placenta,normal_tissue,Normal-pregnancy placenta,Lactylome (Kla),Con_1,Con_1,replicate,sample,deposited_sample_table,PXD063047/search_results/extracted/combined/txt/La (K)Sites.txt,PXD010154,205,9,0.0439024390243902,4.39024390243902,294,12,4.08163265306122,12395,556,4.48567970956031
6,PXD063047,normal pregnancy placenta,normal_tissue,Normal-pregnancy placenta,Lactylome (Kla),Con_2,Con_2,replicate,sample,deposited_sample_table,PXD063047/search_results/extracted/combined/txt/La (K)Sites.txt,PXD010154,215,9,0.0418604651162791,4.18604651162791,294,12,4.08163265306122,12395,556,4.48567970956031
6,PXD063047,normal pregnancy placenta,normal_tissue,Normal-pregnancy placenta,Lactylome (Kla),Con_3,Con_3,replicate,sample,deposited_sample_table,PXD063047/search_results/extracted/combined/txt/La (K)Sites.txt,PXD010154,221,7,0.0316742081447964,3.16742081447964,294,12,4.08163265306122,12395,556,4.48567970956031
6,PXD063047,normal pregnancy placenta,normal_tissue,Normal-pregnancy placenta,Whole proteome,PXD010154_aggregate,PXD010154_aggregate,aggregate,aggregate,validated_reference_membership,PXD010154/search_results/extracted_healthy_tissues/placenta/P013680_placenta_proteinGroups.txt,PXD010154,10847,502,0.046280077440767,4.6280077440767,294,12,4.08163265306122,12395,556,4.48567970956031
7,PXD064912,human sperm,normal_tissue,Human sperm,Lactylome (Kla),Rep 1,Rep 1,replicate,sample,deposited_supplementary_table,PXD064912/supplementary/europepmc/mmc1.xlsx,PXD066517,203,5,0.0246305418719212,2.46305418719212,231,7,3.03030303030303,10680,461,4.31647940074906
7,PXD064912,human sperm,normal_tissue,Human sperm,Lactylome (Kla),Rep 2,Rep 2,replicate,sample,deposited_supplementary_table,PXD064912/supplementary/europepmc/mmc1.xlsx,PXD066517,208,7,0.0336538461538462,3.36538461538462,231,7,3.03030303030303,10680,461,4.31647940074906
7,PXD064912,human sperm,normal_tissue,Human sperm,Lactylome (Kla),Rep 3,Rep 3,replicate,sample,deposited_supplementary_table,PXD064912/supplementary/europepmc/mmc1.xlsx,PXD066517,200,7,0.035,3.5,231,7,3.03030303030303,10680,461,4.31647940074906
7,PXD064912,human sperm,normal_tissue,Human sperm,Whole proteome,L1,L1,L sperm,sample,deposited_sample_table,PXD066517/search_results/20240275.tsv,PXD066517,8400,327,0.0389285714285714,3.89285714285714,231,7,3.03030303030303,10680,461,4.31647940074906
7,PXD064912,human sperm,normal_tissue,Human sperm,Whole proteome,L10,L10,L sperm,sample,deposited_sample_table,PXD066517/search_results/20240275.tsv,PXD066517,8240,333,0.0404126213592233,4.04126213592233,231,7,3.03030303030303,10680,461,4.31647940074906
7,PXD064912,human sperm,normal_tissue,Human sperm,Whole proteome,L11,L11,L sperm,sample,deposited_sample_table,PXD066517/search_results/20240275.tsv,PXD066517,8566,345,0.0402755078216204,4.02755078216204,231,7,3.03030303030303,10680,461,4.31647940074906
7,PXD064912,human sperm,normal_tissue,Human sperm,Whole proteome,L12,L12,L sperm,sample,deposited_sample_table,PXD066517/search_results/20240275.tsv,PXD066517,8560,349,0.0407710280373832,4.07710280373832,231,7,3.03030303030303,10680,461,4.31647940074906
7,PXD064912,human sperm,normal_tissue,Human sperm,Whole proteome,L13,L13,L sperm,sample,deposited_sample_table,PXD066517/search_results/20240275.tsv,PXD066517,8511,350,0.0411232522617789,4.11232522617789,231,7,3.03030303030303,10680,461,4.31647940074906
7,PXD064912,human sperm,normal_tissue,Human sperm,Whole proteome,L14,L14,L sperm,sample,deposited_sample_table,PXD066517/search_results/20240275.tsv,PXD066517,8291,326,0.0393197443010493,3.93197443010493,231,7,3.03030303030303,10680,461,4.31647940074906
7,PXD064912,human sperm,normal_tissue,Human sperm,Whole proteome,L15,L15,L sperm,sample,deposited_sample_table,PXD066517/search_results/20240275.tsv,PXD066517,8375,333,0.0397611940298508,3.97611940298508,231,7,3.03030303030303,10680,461,4.31647940074906
7,PXD064912,human sperm,normal_tissue,Human sperm,Whole proteome,L16,L16,L sperm,sample,deposited_sample_table,PXD066517/search_results/20240275.tsv,PXD066517,8488,339,0.0399387370405278,3.99387370405278,231,7,3.03030303030303,10680,461,4.31647940074906
7,PXD064912,human sperm,normal_tissue,Human sperm,Whole proteome,L17,L17,L sperm,sample,deposited_sample_table,PXD066517/search_results/20240275.tsv,PXD066517,8254,344,0.0416767627816816,4.16767627816816,231,7,3.03030303030303,10680,461,4.31647940074906
7,PXD064912,human sperm,normal_tissue,Human sperm,Whole proteome,L2,L2,L sperm,sample,deposited_sample_table,PXD066517/search_results/20240275.tsv,PXD066517,8427,345,0.040939836240655,4.0939836240655,231,7,3.03030303030303,10680,461,4.31647940074906
7,PXD064912,human sperm,normal_tissue,Human sperm,Whole proteome,L3,L3,L sperm,sample,deposited_sample_table,PXD066517/search_results/20240275.tsv,PXD066517,8713,360,0.0413175714449673,4.13175714449673,231,7,3.03030303030303,10680,461,4.31647940074906
7,PXD064912,human sperm,normal_tissue,Human sperm,Whole proteome,L4,L4,L sperm,sample,deposited_sample_table,PXD066517/search_results/20240275.tsv,PXD066517,8604,358,0.0416085541608554,4.16085541608554,231,7,3.03030303030303,10680,461,4.31647940074906
7,PXD064912,human sperm,normal_tissue,Human sperm,Whole proteome,L5,L5,L sperm,sample,deposited_sample_table,PXD066517/search_results/20240275.tsv,PXD066517,8364,321,0.0383787661406026,3.83787661406026,231,7,3.03030303030303,10680,461,4.31647940074906
7,PXD064912,human sperm,normal_tissue,Human sperm,Whole proteome,L6,L6,L sperm,sample,deposited_sample_table,PXD066517/search_results/20240275.tsv,PXD066517,8668,350,0.0403784033225658,4.03784033225658,231,7,3.03030303030303,10680,461,4.31647940074906
7,PXD064912,human sperm,normal_tissue,Human sperm,Whole proteome,L7,L7,L sperm,sample,deposited_sample_table,PXD066517/search_results/20240275.tsv,PXD066517,8497,335,0.0394256796516418,3.94256796516418,231,7,3.03030303030303,10680,461,4.31647940074906
7,PXD064912,human sperm,normal_tissue,Human sperm,Whole proteome,L8,L8,L sperm,sample,deposited_sample_table,PXD066517/search_results/20240275.tsv,PXD066517,8708,343,0.0393890675241158,3.93890675241158,231,7,3.03030303030303,10680,461,4.31647940074906
7,PXD064912,human sperm,normal_tissue,Human sperm,Whole proteome,L9,L9,L sperm,sample,deposited_sample_table,PXD066517/search_results/20240275.tsv,PXD066517,8554,355,0.04150105213935,4.150105213935,231,7,3.03030303030303,10680,461,4.31647940074906
7,PXD064912,human sperm,normal_tissue,Human sperm,Whole proteome,N1,N1,N sperm,sample,deposited_sample_table,PXD066517/search_results/20240275.tsv,PXD066517,8730,361,0.0413516609392898,4.13516609392898,231,7,3.03030303030303,10680,461,4.31647940074906
7,PXD064912,human sperm,normal_tissue,Human sperm,Whole proteome,N10,N10,N sperm,sample,deposited_sample_table,PXD066517/search_results/20240275.tsv,PXD066517,8613,345,0.0400557297109021,4.00557297109021,231,7,3.03030303030303,10680,461,4.31647940074906
7,PXD064912,human sperm,normal_tissue,Human sperm,Whole proteome,N11,N11,N sperm,sample,deposited_sample_table,PXD066517/search_results/20240275.tsv,PXD066517,8527,338,0.0396387944177319,3.96387944177319,231,7,3.03030303030303,10680,461,4.31647940074906
7,PXD064912,human sperm,normal_tissue,Human sperm,Whole proteome,N12,N12,N sperm,sample,deposited_sample_table,PXD066517/search_results/20240275.tsv,PXD066517,8557,343,0.0400841416384247,4.00841416384247,231,7,3.03030303030303,10680,461,4.31647940074906
7,PXD064912,human sperm,normal_tissue,Human sperm,Whole proteome,N13,N13,N sperm,sample,deposited_sample_table,PXD066517/search_results/20240275.tsv,PXD066517,8371,337,0.0402580336877315,4.02580336877315,231,7,3.03030303030303,10680,461,4.31647940074906
7,PXD064912,human sperm,normal_tissue,Human sperm,Whole proteome,N14,N14,N sperm,sample,deposited_sample_table,PXD066517/search_results/20240275.tsv,PXD066517,8629,336,0.0389384633213582,3.89384633213582,231,7,3.03030303030303,10680,461,4.31647940074906
7,PXD064912,human sperm,normal_tissue,Human sperm,Whole proteome,N15,N15,N sperm,sample,deposited_sample_table,PXD066517/search_results/20240275.tsv,PXD066517,8524,333,0.0390661661191929,3.90661661191929,231,7,3.03030303030303,10680,461,4.31647940074906
7,PXD064912,human sperm,normal_tissue,Human sperm,Whole proteome,N16,N16,N sperm,sample,deposited_sample_table,PXD066517/search_results/20240275.tsv,PXD066517,8530,337,0.0395076201641266,3.95076201641266,231,7,3.03030303030303,10680,461,4.31647940074906
7,PXD064912,human sperm,normal_tissue,Human sperm,Whole proteome,N2,N2,N sperm,sample,deposited_sample_table,PXD066517/search_results/20240275.tsv,PXD066517,8627,347,0.0402225570882114,4.02225570882114,231,7,3.03030303030303,10680,461,4.31647940074906
7,PXD064912,human sperm,normal_tissue,Human sperm,Whole proteome,N3,N3,N sperm,sample,deposited_sample_table,PXD066517/search_results/20240275.tsv,PXD066517,8307,335,0.0403274346936319,4.03274346936319,231,7,3.03030303030303,10680,461,4.31647940074906
7,PXD064912,human sperm,normal_tissue,Human sperm,Whole proteome,N4,N4,N sperm,sample,deposited_sample_table,PXD066517/search_results/20240275.tsv,PXD066517,8446,324,0.0383613544873313,3.83613544873313,231,7,3.03030303030303,10680,461,4.31647940074906
7,PXD064912,human sperm,normal_tissue,Human sperm,Whole proteome,N5,N5,N sperm,sample,deposited_sample_table,PXD066517/search_results/20240275.tsv,PXD066517,8545,336,0.0393212404915155,3.93212404915155,231,7,3.03030303030303,10680,461,4.31647940074906
7,PXD064912,human sperm,normal_tissue,Human sperm,Whole proteome,N6,N6,N sperm,sample,deposited_sample_table,PXD066517/search_results/20240275.tsv,PXD066517,8651,349,0.0403421569760721,4.03421569760721,231,7,3.03030303030303,10680,461,4.31647940074906
7,PXD064912,human sperm,normal_tissue,Human sperm,Whole proteome,N7,N7,N sperm,sample,deposited_sample_table,PXD066517/search_results/20240275.tsv,PXD066517,8411,345,0.0410177148971585,4.10177148971585,231,7,3.03030303030303,10680,461,4.31647940074906
7,PXD064912,human sperm,normal_tissue,Human sperm,Whole proteome,N8,N8,N sperm,sample,deposited_sample_table,PXD066517/search_results/20240275.tsv,PXD066517,8423,341,0.0404843879852784,4.04843879852784,231,7,3.03030303030303,10680,461,4.31647940074906
7,PXD064912,human sperm,normal_tissue,Human sperm,Whole proteome,N9,N9,N sperm,sample,deposited_sample_table,PXD066517/search_results/20240275.tsv,PXD066517,8520,340,0.039906103286385,3.9906103286385,231,7,3.03030303030303,10680,461,4.31647940074906
8,PXD066054,BPH,normal_tissue,Benign prostatic hyperplasia tissue,Lactylome (Kla),NAT1,NAT1,replicate,sample,deposited_spectronaut_table,PXD066054/search_results/extracted/PLa/XB08700B1DPLa_-PTMSiteReport.tsv,PXD066054,2091,140,0.0669536107125777,6.69536107125777,2118,142,6.70443814919736,8169,408,4.99449136981271
8,PXD066054,BPH,normal_tissue,Benign prostatic hyperplasia tissue,Lactylome (Kla),NAT2,NAT2,replicate,sample,deposited_spectronaut_table,PXD066054/search_results/extracted/PLa/XB08700B1DPLa_-PTMSiteReport.tsv,PXD066054,1978,133,0.0672396359959555,6.72396359959555,2118,142,6.70443814919736,8169,408,4.99449136981271
8,PXD066054,BPH,normal_tissue,Benign prostatic hyperplasia tissue,Lactylome (Kla),NAT3,NAT3,replicate,sample,deposited_spectronaut_table,PXD066054/search_results/extracted/PLa/XB08700B1DPLa_-PTMSiteReport.tsv,PXD066054,1979,129,0.0651844365841334,6.51844365841334,2118,142,6.70443814919736,8169,408,4.99449136981271
8,PXD066054,BPH,normal_tissue,Benign prostatic hyperplasia tissue,Lactylome (Kla),NAT4,NAT4,replicate,sample,deposited_spectronaut_table,PXD066054/search_results/extracted/PLa/XB08700B1DPLa_-PTMSiteReport.tsv,PXD066054,2040,131,0.0642156862745098,6.42156862745098,2118,142,6.70443814919736,8169,408,4.99449136981271
8,PXD066054,BPH,normal_tissue,Benign prostatic hyperplasia tissue,Lactylome (Kla),NAT5,NAT5,replicate,sample,deposited_spectronaut_table,PXD066054/search_results/extracted/PLa/XB08700B1DPLa_-PTMSiteReport.tsv,PXD066054,2029,131,0.0645638245441104,6.45638245441104,2118,142,6.70443814919736,8169,408,4.99449136981271
8,PXD066054,BPH,normal_tissue,Benign prostatic hyperplasia tissue,Whole proteome,NAT1,NAT1,replicate,sample,deposited_sample_table,PXD066054/search_results/extracted/DA/Protein_Quant.tsv,PXD066054,7916,396,0.0500252652854977,5.00252652854977,2118,142,6.70443814919736,8169,408,4.99449136981271
8,PXD066054,BPH,normal_tissue,Benign prostatic hyperplasia tissue,Whole proteome,NAT2,NAT2,replicate,sample,deposited_sample_table,PXD066054/search_results/extracted/DA/Protein_Quant.tsv,PXD066054,7805,393,0.0503523382447149,5.03523382447149,2118,142,6.70443814919736,8169,408,4.99449136981271
8,PXD066054,BPH,normal_tissue,Benign prostatic hyperplasia tissue,Whole proteome,NAT3,NAT3,replicate,sample,deposited_sample_table,PXD066054/search_results/extracted/DA/Protein_Quant.tsv,PXD066054,7929,399,0.0503216042376088,5.03216042376088,2118,142,6.70443814919736,8169,408,4.99449136981271
8,PXD066054,BPH,normal_tissue,Benign prostatic hyperplasia tissue,Whole proteome,NAT4,NAT4,replicate,sample,deposited_sample_table,PXD066054/search_results/extracted/DA/Protein_Quant.tsv,PXD066054,7937,398,0.050144891016757,5.0144891016757,2118,142,6.70443814919736,8169,408,4.99449136981271
8,PXD066054,BPH,normal_tissue,Benign prostatic hyperplasia tissue,Whole proteome,NAT5,NAT5,replicate,sample,deposited_sample_table,PXD066054/search_results/extracted/DA/Protein_Quant.tsv,PXD066054,7768,390,0.050205973223481,5.0205973223481,2118,142,6.70443814919736,8169,408,4.99449136981271
9,PXD075377,adjacent liver,normal_tissue,Adjacent liver tissue,Lactylome (Kla),Control_pool,Control_pool,pool,pool,deposited_group_union,PXD075377/search_results/extracted/2-Basic_analysis/MS_identified_information.txt,PXD065775,1775,113,0.0636619718309859,6.36619718309859,1775,113,6.36619718309859,4251,194,4.56363208656787
9,PXD075377,adjacent liver,normal_tissue,Adjacent liver tissue,Whole proteome,Non-rec1,Non-rec1,Non-rec,sample,deposited_supplementary_table,PXD065775/search_results/20170330_01-24_patients_iTRAQ.xlsx,PXD065775,4251,194,0.0456363208656787,4.56363208656787,1775,113,6.36619718309859,4251,194,4.56363208656787
9,PXD075377,adjacent liver,normal_tissue,Adjacent liver tissue,Whole proteome,Non-rec2,Non-rec2,Non-rec,sample,deposited_supplementary_table,PXD065775/search_results/20170330_01-24_patients_iTRAQ.xlsx,PXD065775,4251,194,0.0456363208656787,4.56363208656787,1775,113,6.36619718309859,4251,194,4.56363208656787
9,PXD075377,adjacent liver,normal_tissue,Adjacent liver tissue,Whole proteome,Non-rec3,Non-rec3,Non-rec,sample,deposited_supplementary_table,PXD065775/search_results/20170330_01-24_patients_iTRAQ.xlsx,PXD065775,4251,194,0.0456363208656787,4.56363208656787,1775,113,6.36619718309859,4251,194,4.56363208656787
9,PXD075377,adjacent liver,normal_tissue,Adjacent liver tissue,Whole proteome,Non-rec4,Non-rec4,Non-rec,sample,deposited_supplementary_table,PXD065775/search_results/20170330_01-24_patients_iTRAQ.xlsx,PXD065775,4251,194,0.0456363208656787,4.56363208656787,1775,113,6.36619718309859,4251,194,4.56363208656787
9,PXD075377,adjacent liver,normal_tissue,Adjacent liver tissue,Whole proteome,Rec1,Rec1,Rec,sample,deposited_supplementary_table,PXD065775/search_results/20170330_01-24_patients_iTRAQ.xlsx,PXD065775,4251,194,0.0456363208656787,4.56363208656787,1775,113,6.36619718309859,4251,194,4.56363208656787
9,PXD075377,adjacent liver,normal_tissue,Adjacent liver tissue,Whole proteome,Rec2,Rec2,Rec,sample,deposited_supplementary_table,PXD065775/search_results/20170330_01-24_patients_iTRAQ.xlsx,PXD065775,4251,194,0.0456363208656787,4.56363208656787,1775,113,6.36619718309859,4251,194,4.56363208656787
9,PXD075377,adjacent liver,normal_tissue,Adjacent liver tissue,Whole proteome,Rec3,Rec3,Rec,sample,deposited_supplementary_table,PXD065775/search_results/20170330_01-24_patients_iTRAQ.xlsx,PXD065775,4251,194,0.0456363208656787,4.56363208656787,1775,113,6.36619718309859,4251,194,4.56363208656787
9,PXD075377,adjacent liver,normal_tissue,Adjacent liver tissue,Whole proteome,Rec4,Rec4,Rec,sample,deposited_supplementary_table,PXD065775/search_results/20170330_01-24_patients_iTRAQ.xlsx,PXD065775,4251,194,0.0456363208656787,4.56363208656787,1775,113,6.36619718309859,4251,194,4.56363208656787
11,PXD066054,prostate cancer,cancer_tissue,Prostate cancer tissue,Lactylome (Kla),PCa1,PCa1,replicate,sample,deposited_spectronaut_table,PXD066054/search_results/extracted/PLa/XB08700B1DPLa_-PTMSiteReport.tsv,PXD066054,2028,137,0.0675542406311637,6.75542406311637,2125,143,6.72941176470588,8203,412,5.02255272461295
11,PXD066054,prostate cancer,cancer_tissue,Prostate cancer tissue,Lactylome (Kla),PCa2,PCa2,replicate,sample,deposited_spectronaut_table,PXD066054/search_results/extracted/PLa/XB08700B1DPLa_-PTMSiteReport.tsv,PXD066054,1877,127,0.0676611614278103,6.76611614278103,2125,143,6.72941176470588,8203,412,5.02255272461295
11,PXD066054,prostate cancer,cancer_tissue,Prostate cancer tissue,Lactylome (Kla),PCa3,PCa3,replicate,sample,deposited_spectronaut_table,PXD066054/search_results/extracted/PLa/XB08700B1DPLa_-PTMSiteReport.tsv,PXD066054,2052,141,0.0687134502923977,6.87134502923977,2125,143,6.72941176470588,8203,412,5.02255272461295
11,PXD066054,prostate cancer,cancer_tissue,Prostate cancer tissue,Lactylome (Kla),PCa4,PCa4,replicate,sample,deposited_spectronaut_table,PXD066054/search_results/extracted/PLa/XB08700B1DPLa_-PTMSiteReport.tsv,PXD066054,2035,137,0.0673218673218673,6.73218673218673,2125,143,6.72941176470588,8203,412,5.02255272461295
11,PXD066054,prostate cancer,cancer_tissue,Prostate cancer tissue,Lactylome (Kla),PCa5,PCa5,replicate,sample,deposited_spectronaut_table,PXD066054/search_results/extracted/PLa/XB08700B1DPLa_-PTMSiteReport.tsv,PXD066054,2102,143,0.0680304471931494,6.80304471931494,2125,143,6.72941176470588,8203,412,5.02255272461295
11,PXD066054,prostate cancer,cancer_tissue,Prostate cancer tissue,Whole proteome,PCa1,PCa1,replicate,sample,deposited_sample_table,PXD066054/search_results/extracted/DA/Protein_Quant.tsv,PXD066054,7760,398,0.0512886597938144,5.12886597938144,2125,143,6.72941176470588,8203,412,5.02255272461295
11,PXD066054,prostate cancer,cancer_tissue,Prostate cancer tissue,Whole proteome,PCa2,PCa2,replicate,sample,deposited_sample_table,PXD066054/search_results/extracted/DA/Protein_Quant.tsv,PXD066054,7213,366,0.0507417163454873,5.07417163454873,2125,143,6.72941176470588,8203,412,5.02255272461295
11,PXD066054,prostate cancer,cancer_tissue,Prostate cancer tissue,Whole proteome,PCa3,PCa3,replicate,sample,deposited_sample_table,PXD066054/search_results/extracted/DA/Protein_Quant.tsv,PXD066054,7791,406,0.0521114106019766,5.21114106019766,2125,143,6.72941176470588,8203,412,5.02255272461295
11,PXD066054,prostate cancer,cancer_tissue,Prostate cancer tissue,Whole proteome,PCa4,PCa4,replicate,sample,deposited_sample_table,PXD066054/search_results/extracted/DA/Protein_Quant.tsv,PXD066054,7675,387,0.0504234527687297,5.04234527687297,2125,143,6.72941176470588,8203,412,5.02255272461295
11,PXD066054,prostate cancer,cancer_tissue,Prostate cancer tissue,Whole proteome,PCa5,PCa5,replicate,sample,deposited_sample_table,PXD066054/search_results/extracted/DA/Protein_Quant.tsv,PXD066054,7833,395,0.0504276777735223,5.04276777735223,2125,143,6.72941176470588,8203,412,5.02255272461295
12,PXD075377,HCC,cancer_tissue,HCC tissue,Lactylome (Kla),HCC_pool,HCC_pool,pool,pool,deposited_group_union,PXD075377/search_results/extracted/2-Basic_analysis/MS_identified_information.txt,PXD065775,1798,121,0.0672969966629588,6.72969966629588,1798,121,6.72969966629588,5188,271,5.22359290670779
12,PXD075377,HCC,cancer_tissue,HCC tissue,Whole proteome,Non-rec1,Non-rec1,Non-rec,sample,deposited_supplementary_table,PXD065775/search_results/20170330_01-24_patients_iTRAQ.xlsx,PXD065775,5188,271,0.0522359290670779,5.22359290670779,1798,121,6.72969966629588,5188,271,5.22359290670779
12,PXD075377,HCC,cancer_tissue,HCC tissue,Whole proteome,Non-rec2,Non-rec2,Non-rec,sample,deposited_supplementary_table,PXD065775/search_results/20170330_01-24_patients_iTRAQ.xlsx,PXD065775,5188,271,0.0522359290670779,5.22359290670779,1798,121,6.72969966629588,5188,271,5.22359290670779
12,PXD075377,HCC,cancer_tissue,HCC tissue,Whole proteome,Non-rec3,Non-rec3,Non-rec,sample,deposited_supplementary_table,PXD065775/search_results/20170330_01-24_patients_iTRAQ.xlsx,PXD065775,5188,271,0.0522359290670779,5.22359290670779,1798,121,6.72969966629588,5188,271,5.22359290670779
12,PXD075377,HCC,cancer_tissue,HCC tissue,Whole proteome,Non-rec4,Non-rec4,Non-rec,sample,deposited_supplementary_table,PXD065775/search_results/20170330_01-24_patients_iTRAQ.xlsx,PXD065775,5188,271,0.0522359290670779,5.22359290670779,1798,121,6.72969966629588,5188,271,5.22359290670779
12,PXD075377,HCC,cancer_tissue,HCC tissue,Whole proteome,Rec1,Rec1,Rec,sample,deposited_supplementary_table,PXD065775/search_results/20170330_01-24_patients_iTRAQ.xlsx,PXD065775,5188,271,0.0522359290670779,5.22359290670779,1798,121,6.72969966629588,5188,271,5.22359290670779
12,PXD075377,HCC,cancer_tissue,HCC tissue,Whole proteome,Rec2,Rec2,Rec,sample,deposited_supplementary_table,PXD065775/search_results/20170330_01-24_patients_iTRAQ.xlsx,PXD065775,5188,271,0.0522359290670779,5.22359290670779,1798,121,6.72969966629588,5188,271,5.22359290670779
12,PXD075377,HCC,cancer_tissue,HCC tissue,Whole proteome,Rec3,Rec3,Rec,sample,deposited_supplementary_table,PXD065775/search_results/20170330_01-24_patients_iTRAQ.xlsx,PXD065775,5188,271,0.0522359290670779,5.22359290670779,1798,121,6.72969966629588,5188,271,5.22359290670779
12,PXD075377,HCC,cancer_tissue,HCC tissue,Whole proteome,Rec4,Rec4,Rec,sample,deposited_supplementary_table,PXD065775/search_results/20170330_01-24_patients_iTRAQ.xlsx,PXD065775,5188,271,0.0522359290670779,5.22359290670779,1798,121,6.72969966629588,5188,271,5.22359290670779
14,PXD060185,MCF7,cancer_cells,MCF7 cells,Lactylome (Kla),A,A,single,sample,deposited_sample_table,PXD060185/search_results/RESULT/combined/txt/La (K)Sites.txt,PXD030304,1235,132,0.106882591093117,10.6882591093117,1235,132,10.6882591093117,3099,209,6.74411100354953
14,PXD060185,MCF7,cancer_cells,MCF7 cells,Whole proteome,PXD030304_aggregate,PXD030304_aggregate,aggregate,aggregate,validated_reference_membership,PXD030304/search_results/ProCan-DepMapSanger_protein_matrix_6692_averaged.txt,PXD030304,3099,209,0.0674411100354953,6.74411100354953,1235,132,10.6882591093117,3099,209,6.74411100354953
15,PXD028488,HCT116,cancer_cells,HCT116 cells,Lactylome (Kla),HCT116_dataset_union,HCT116_dataset_union,single,dataset_union,validated_publication_membership,data/publication_input/kla_protein_membership_30.csv,PXD030304,240,30,0.125,12.5,240,30,12.5,4010,273,6.80798004987531
15,PXD028488,HCT116,cancer_cells,HCT116 cells,Whole proteome,PXD030304_aggregate,PXD030304_aggregate,aggregate,aggregate,validated_reference_membership,PXD030304/search_results/ProCan-DepMapSanger_protein_matrix_6692_averaged.txt,PXD030304,4010,273,0.0680798004987531,6.80798004987531,240,30,12.5,4010,273,6.80798004987531
16,PXD053474,HCT116,cancer_cells,HCT116 cells (subcellular fractions),Lactylome (Kla),HCT116_dataset_union,HCT116_dataset_union,single,dataset_union,validated_publication_membership,data/publication_input/kla_protein_membership_30.csv,PXD030304,590,65,0.110169491525424,11.0169491525424,590,65,11.0169491525424,4010,273,6.80798004987531
16,PXD053474,HCT116,cancer_cells,HCT116 cells (subcellular fractions),Whole proteome,PXD030304_aggregate,PXD030304_aggregate,aggregate,aggregate,validated_reference_membership,PXD030304/search_results/ProCan-DepMapSanger_protein_matrix_6692_averaged.txt,PXD030304,4010,273,0.0680798004987531,6.80798004987531,590,65,11.0169491525424,4010,273,6.80798004987531
17,PXD066351,HCT116 control and Roseburia co-culture,cancer_cells,HCT116 cells (control and Roseburia co-culture),Lactylome (Kla),NC116,control,control,condition,deposited_spectronaut_table,PXD066351/search_results/XB01472B1DPLa-MSstats_Input.csv,PXD066351,2394,252,0.105263157894737,10.5263157894737,2398,253,10.5504587155963,8130,504,6.19926199261993
17,PXD066351,HCT116 control and Roseburia co-culture,cancer_cells,HCT116 cells (control and Roseburia co-culture),Lactylome (Kla),R116,Roseburia co-culture,Roseburia co-culture,condition,deposited_spectronaut_table,PXD066351/search_results/XB01472B1DPLa-MSstats_Input.csv,PXD066351,2319,243,0.104786545924968,10.4786545924968,2398,253,10.5504587155963,8130,504,6.19926199261993
17,PXD066351,HCT116 control and Roseburia co-culture,cancer_cells,HCT116 cells (control and Roseburia co-culture),Whole proteome,NC116,NC116,control,sample,deposited_sample_table,PXD066351/search_results/XB01472B1DA-Protein_Quant.tsv,PXD066351,8075,504,0.0624148606811146,6.24148606811146,2398,253,10.5504587155963,8130,504,6.19926199261993
17,PXD066351,HCT116 control and Roseburia co-culture,cancer_cells,HCT116 cells (control and Roseburia co-culture),Whole proteome,R116,R116,Roseburia co-culture,sample,deposited_sample_table,PXD066351/search_results/XB01472B1DA-Protein_Quant.tsv,PXD066351,8048,499,0.0620029821073559,6.20029821073559,2398,253,10.5504587155963,8130,504,6.19926199261993
18,PXD028488,TALL-104,cancer_cells,TALL-104 cells (sodium lactate),Lactylome (Kla),Sample 1,Sample 1,replicate,sample,deposited_sample_table,PXD028488/search_results/Enrichment-Search files/TALL-NALAC-Search files/proteins.csv,PXD028488,1662,29,0.0174488567990373,1.74488567990373,368,37,10.054347826087,3734,253,6.77557579003749
18,PXD028488,TALL-104,cancer_cells,TALL-104 cells (sodium lactate),Lactylome (Kla),Sample 2,Sample 2,replicate,sample,deposited_sample_table,PXD028488/search_results/Enrichment-Search files/TALL-NALAC-Search files/proteins.csv,PXD028488,1686,30,0.0177935943060498,1.77935943060498,368,37,10.054347826087,3734,253,6.77557579003749
18,PXD028488,TALL-104,cancer_cells,TALL-104 cells (sodium lactate),Lactylome (Kla),Sample 3,Sample 3,replicate,sample,deposited_sample_table,PXD028488/search_results/Enrichment-Search files/TALL-NALAC-Search files/proteins.csv,PXD028488,1678,31,0.0184743742550656,1.84743742550656,368,37,10.054347826087,3734,253,6.77557579003749
18,PXD028488,TALL-104,cancer_cells,TALL-104 cells (sodium lactate),Whole proteome,Sample 1,Sample 1,replicate,sample,deposited_sample_table,PXD028488/search_results/Nonenrichment-Search files/TALL-Nonenrichment-Search files/proteins.csv,PXD028488,3109,220,0.0707623029913155,7.07623029913155,368,37,10.054347826087,3734,253,6.77557579003749
18,PXD028488,TALL-104,cancer_cells,TALL-104 cells (sodium lactate),Whole proteome,Sample 2,Sample 2,replicate,sample,deposited_sample_table,PXD028488/search_results/Nonenrichment-Search files/TALL-Nonenrichment-Search files/proteins.csv,PXD028488,3176,215,0.0676952141057935,6.76952141057935,368,37,10.054347826087,3734,253,6.77557579003749
18,PXD028488,TALL-104,cancer_cells,TALL-104 cells (sodium lactate),Whole proteome,Sample 3,Sample 3,replicate,sample,deposited_sample_table,PXD028488/search_results/Nonenrichment-Search files/TALL-Nonenrichment-Search files/proteins.csv,PXD028488,3110,210,0.067524115755627,6.7524115755627,368,37,10.054347826087,3734,253,6.77557579003749
19,PXD050147,HepG2 WT and SIRT1 or SIRT3 KO,cancer_cells,"HepG2 cells (WT, SIRT1 KO and SIRT3 KO)",Lactylome (Kla),SIRT1KO_rep1,SIRT1KO_rep1,SIRT1 KO,sample,deposited_sample_table,PXD050147/search_results/Lactyl_K_Sites.txt,PXD050147,1825,212,0.116164383561644,11.6164383561644,2602,285,10.9531129900077,6772,450,6.64500886001181
19,PXD050147,HepG2 WT and SIRT1 or SIRT3 KO,cancer_cells,"HepG2 cells (WT, SIRT1 KO and SIRT3 KO)",Lactylome (Kla),SIRT1KO_rep2,SIRT1KO_rep2,SIRT1 KO,sample,deposited_sample_table,PXD050147/search_results/Lactyl_K_Sites.txt,PXD050147,1885,218,0.115649867374005,11.5649867374005,2602,285,10.9531129900077,6772,450,6.64500886001181
19,PXD050147,HepG2 WT and SIRT1 or SIRT3 KO,cancer_cells,"HepG2 cells (WT, SIRT1 KO and SIRT3 KO)",Lactylome (Kla),SIRT1KO_rep3,SIRT1KO_rep3,SIRT1 KO,sample,deposited_sample_table,PXD050147/search_results/Lactyl_K_Sites.txt,PXD050147,1708,197,0.115339578454333,11.5339578454333,2602,285,10.9531129900077,6772,450,6.64500886001181
19,PXD050147,HepG2 WT and SIRT1 or SIRT3 KO,cancer_cells,"HepG2 cells (WT, SIRT1 KO and SIRT3 KO)",Lactylome (Kla),SIRT3KO_rep1,SIRT3KO_rep1,SIRT3 KO,sample,deposited_sample_table,PXD050147/search_results/Lactyl_K_Sites.txt,PXD050147,1831,214,0.116876024030584,11.6876024030584,2602,285,10.9531129900077,6772,450,6.64500886001181
19,PXD050147,HepG2 WT and SIRT1 or SIRT3 KO,cancer_cells,"HepG2 cells (WT, SIRT1 KO and SIRT3 KO)",Lactylome (Kla),SIRT3KO_rep2,SIRT3KO_rep2,SIRT3 KO,sample,deposited_sample_table,PXD050147/search_results/Lactyl_K_Sites.txt,PXD050147,1596,188,0.117794486215539,11.7794486215539,2602,285,10.9531129900077,6772,450,6.64500886001181
19,PXD050147,HepG2 WT and SIRT1 or SIRT3 KO,cancer_cells,"HepG2 cells (WT, SIRT1 KO and SIRT3 KO)",Lactylome (Kla),SIRT3KO_rep3,SIRT3KO_rep3,SIRT3 KO,sample,deposited_sample_table,PXD050147/search_results/Lactyl_K_Sites.txt,PXD050147,1898,223,0.117492096944152,11.7492096944152,2602,285,10.9531129900077,6772,450,6.64500886001181
19,PXD050147,HepG2 WT and SIRT1 or SIRT3 KO,cancer_cells,"HepG2 cells (WT, SIRT1 KO and SIRT3 KO)",Lactylome (Kla),WT_rep1,WT_rep1,WT,sample,deposited_sample_table,PXD050147/search_results/Lactyl_K_Sites.txt,PXD050147,1222,144,0.117839607201309,11.7839607201309,2602,285,10.9531129900077,6772,450,6.64500886001181
19,PXD050147,HepG2 WT and SIRT1 or SIRT3 KO,cancer_cells,"HepG2 cells (WT, SIRT1 KO and SIRT3 KO)",Lactylome (Kla),WT_rep2,WT_rep2,WT,sample,deposited_sample_table,PXD050147/search_results/Lactyl_K_Sites.txt,PXD050147,1191,140,0.117548278757347,11.7548278757347,2602,285,10.9531129900077,6772,450,6.64500886001181
19,PXD050147,HepG2 WT and SIRT1 or SIRT3 KO,cancer_cells,"HepG2 cells (WT, SIRT1 KO and SIRT3 KO)",Lactylome (Kla),WT_rep3,WT_rep3,WT,sample,deposited_sample_table,PXD050147/search_results/Lactyl_K_Sites.txt,PXD050147,1339,158,0.117998506348021,11.7998506348021,2602,285,10.9531129900077,6772,450,6.64500886001181
19,PXD050147,HepG2 WT and SIRT1 or SIRT3 KO,cancer_cells,"HepG2 cells (WT, SIRT1 KO and SIRT3 KO)",Whole proteome,SIRT1KO_pro_rep1,SIRT1KO_pro_rep1,SIRT1 KO,sample,deposited_sample_table,PXD050147/search_results/SIRT_proteinGroups.txt,PXD050147,5921,411,0.0694139503462253,6.94139503462253,2602,285,10.9531129900077,6772,450,6.64500886001181
19,PXD050147,HepG2 WT and SIRT1 or SIRT3 KO,cancer_cells,"HepG2 cells (WT, SIRT1 KO and SIRT3 KO)",Whole proteome,SIRT1KO_pro_rep2,SIRT1KO_pro_rep2,SIRT1 KO,sample,deposited_sample_table,PXD050147/search_results/SIRT_proteinGroups.txt,PXD050147,5955,399,0.0670025188916877,6.70025188916877,2602,285,10.9531129900077,6772,450,6.64500886001181
19,PXD050147,HepG2 WT and SIRT1 or SIRT3 KO,cancer_cells,"HepG2 cells (WT, SIRT1 KO and SIRT3 KO)",Whole proteome,SIRT1KO_pro_rep3,SIRT1KO_pro_rep3,SIRT1 KO,sample,deposited_sample_table,PXD050147/search_results/SIRT_proteinGroups.txt,PXD050147,6005,406,0.0676103247293922,6.76103247293922,2602,285,10.9531129900077,6772,450,6.64500886001181
19,PXD050147,HepG2 WT and SIRT1 or SIRT3 KO,cancer_cells,"HepG2 cells (WT, SIRT1 KO and SIRT3 KO)",Whole proteome,SIRT3KO_pro_rep1,SIRT3KO_pro_rep1,SIRT3 KO,sample,deposited_sample_table,PXD050147/search_results/SIRT_proteinGroups.txt,PXD050147,6036,418,0.0692511597084162,6.92511597084162,2602,285,10.9531129900077,6772,450,6.64500886001181
19,PXD050147,HepG2 WT and SIRT1 or SIRT3 KO,cancer_cells,"HepG2 cells (WT, SIRT1 KO and SIRT3 KO)",Whole proteome,SIRT3KO_pro_rep2,SIRT3KO_pro_rep2,SIRT3 KO,sample,deposited_sample_table,PXD050147/search_results/SIRT_proteinGroups.txt,PXD050147,6099,416,0.0682079029349074,6.82079029349074,2602,285,10.9531129900077,6772,450,6.64500886001181
19,PXD050147,HepG2 WT and SIRT1 or SIRT3 KO,cancer_cells,"HepG2 cells (WT, SIRT1 KO and SIRT3 KO)",Whole proteome,SIRT3KO_pro_rep3,SIRT3KO_pro_rep3,SIRT3 KO,sample,deposited_sample_table,PXD050147/search_results/SIRT_proteinGroups.txt,PXD050147,6078,419,0.068937150378414,6.8937150378414,2602,285,10.9531129900077,6772,450,6.64500886001181
19,PXD050147,HepG2 WT and SIRT1 or SIRT3 KO,cancer_cells,"HepG2 cells (WT, SIRT1 KO and SIRT3 KO)",Whole proteome,WT_pro_rep1,WT_pro_rep1,WT,sample,deposited_sample_table,PXD050147/search_results/SIRT_proteinGroups.txt,PXD050147,6069,406,0.0668973471741638,6.68973471741638,2602,285,10.9531129900077,6772,450,6.64500886001181
19,PXD050147,HepG2 WT and SIRT1 or SIRT3 KO,cancer_cells,"HepG2 cells (WT, SIRT1 KO and SIRT3 KO)",Whole proteome,WT_pro_rep2,WT_pro_rep2,WT,sample,deposited_sample_table,PXD050147/search_results/SIRT_proteinGroups.txt,PXD050147,5938,398,0.0670259346581341,6.70259346581341,2602,285,10.9531129900077,6772,450,6.64500886001181
19,PXD050147,HepG2 WT and SIRT1 or SIRT3 KO,cancer_cells,"HepG2 cells (WT, SIRT1 KO and SIRT3 KO)",Whole proteome,WT_pro_rep3,WT_pro_rep3,WT,sample,deposited_sample_table,PXD050147/search_results/SIRT_proteinGroups.txt,PXD050147,5970,400,0.067001675041876,6.7001675041876,2602,285,10.9531129900077,6772,450,6.64500886001181
20,PXD054919,A549,cancer_cells,A549 cells,Lactylome (Kla),A549-1,A549-1,replicate,sample,deposited_supplementary_table,PXD054919/supplementary/41419_2025_8113_MOESM2_ESM.xlsx,PXD030304,1150,110,0.0956521739130435,9.56521739130435,1220,116,9.50819672131148,3448,226,6.55452436194896
20,PXD054919,A549,cancer_cells,A549 cells,Lactylome (Kla),A549-2,A549-2,replicate,sample,deposited_supplementary_table,PXD054919/supplementary/41419_2025_8113_MOESM2_ESM.xlsx,PXD030304,1202,115,0.0956738768718802,9.56738768718802,1220,116,9.50819672131148,3448,226,6.55452436194896
20,PXD054919,A549,cancer_cells,A549 cells,Lactylome (Kla),A549-3,A549-3,replicate,sample,deposited_supplementary_table,PXD054919/supplementary/41419_2025_8113_MOESM2_ESM.xlsx,PXD030304,1206,115,0.0953565505804312,9.53565505804312,1220,116,9.50819672131148,3448,226,6.55452436194896
20,PXD054919,A549,cancer_cells,A549 cells,Whole proteome,PXD030304_aggregate,PXD030304_aggregate,aggregate,aggregate,validated_reference_membership,PXD030304/search_results/ProCan-DepMapSanger_protein_matrix_6692_averaged.txt,PXD030304,3448,226,0.0655452436194896,6.55452436194896,1220,116,9.50819672131148,3448,226,6.55452436194896
21,PXD060185,MDA-MB-468,cancer_cells,MDA-MB-468 cells,Lactylome (Kla),B,B,single,sample,deposited_sample_table,PXD060185/search_results/RESULT/combined/txt/La (K)Sites.txt,PXD030304,1612,196,0.121588089330025,12.1588089330025,1612,196,12.1588089330025,3760,230,6.11702127659574
21,PXD060185,MDA-MB-468,cancer_cells,MDA-MB-468 cells,Whole proteome,PXD030304_aggregate,PXD030304_aggregate,aggregate,aggregate,validated_reference_membership,PXD030304/search_results/ProCan-DepMapSanger_protein_matrix_6692_averaged.txt,PXD030304,3760,230,0.0611702127659575,6.11702127659575,1612,196,12.1588089330025,3760,230,6.11702127659574
22,PXD060185,T-47D,cancer_cells,T-47D cells,Lactylome (Kla),D,D,single,sample,deposited_sample_table,PXD060185/search_results/RESULT/combined/txt/La (K)Sites.txt,PXD030304,1301,159,0.122213681783244,12.2213681783244,1301,159,12.2213681783244,3516,228,6.48464163822526
22,PXD060185,T-47D,cancer_cells,T-47D cells,Whole proteome,PXD030304_aggregate,PXD030304_aggregate,aggregate,aggregate,validated_reference_membership,PXD030304/search_results/ProCan-DepMapSanger_protein_matrix_6692_averaged.txt,PXD030304,3516,228,0.0648464163822526,6.48464163822526,1301,159,12.2213681783244,3516,228,6.48464163822526
23,PXD063266,PC-3M,cancer_cells,PC-3M cells,Lactylome (Kla),1,1,replicate,sample,deposited_supplementary_table,PXD063266/search_results/LactylSites.xlsx,PXD022005,348,41,0.117816091954023,11.7816091954023,384,41,10.6770833333333,8049,262,3.25506274071313
23,PXD063266,PC-3M,cancer_cells,PC-3M cells,Lactylome (Kla),2,2,replicate,sample,deposited_supplementary_table,PXD063266/search_results/LactylSites.xlsx,PXD022005,145,24,0.16551724137931,16.551724137931,384,41,10.6770833333333,8049,262,3.25506274071313
23,PXD063266,PC-3M,cancer_cells,PC-3M cells,Lactylome (Kla),3,3,replicate,sample,deposited_supplementary_table,PXD063266/search_results/LactylSites.xlsx,PXD022005,216,28,0.12962962962963,12.962962962963,384,41,10.6770833333333,8049,262,3.25506274071313
23,PXD063266,PC-3M,cancer_cells,PC-3M cells,Whole proteome,PXD022005_aggregate,PXD022005_aggregate,aggregate,aggregate,validated_reference_membership,PXD022005/search_results/txt_proteomics.zip,PXD022005,8049,262,0.0325506274071313,3.25506274071313,384,41,10.6770833333333,8049,262,3.25506274071313
24,PXD070007,glioblastoma stem cells,cancer_cells,Glioblastoma stem-cell models,Lactylome (Kla),G2907,G2907,model,model,deposited_supplementary_table,PXD070007/search_results/SA206LPLaB1_Annotation.xlsx,PXD069969,1647,168,0.10200364298725,10.200364298725,2564,238,9.2823712948518,8374,495,5.91115357057559
24,PXD070007,glioblastoma stem cells,cancer_cells,Glioblastoma stem-cell models,Lactylome (Kla),G3028,G3028,model,model,deposited_supplementary_table,PXD070007/search_results/SA206LPLaB1_Annotation.xlsx,PXD069969,1558,159,0.102053915275995,10.2053915275995,2564,238,9.2823712948518,8374,495,5.91115357057559
24,PXD070007,glioblastoma stem cells,cancer_cells,Glioblastoma stem-cell models,Lactylome (Kla),G3264,G3264,model,model,deposited_supplementary_table,PXD070007/search_results/SA206LPLaB1_Annotation.xlsx,PXD069969,1262,131,0.103803486529319,10.3803486529319,2564,238,9.2823712948518,8374,495,5.91115357057559
24,PXD070007,glioblastoma stem cells,cancer_cells,Glioblastoma stem-cell models,Lactylome (Kla),GSC23,GSC23,model,model,deposited_supplementary_table,PXD070007/search_results/SA206LPLaB1_Annotation.xlsx,PXD069969,1628,179,0.10995085995086,10.995085995086,2564,238,9.2823712948518,8374,495,5.91115357057559
24,PXD070007,glioblastoma stem cells,cancer_cells,Glioblastoma stem-cell models,Lactylome (Kla),MES28,MES28,model,model,deposited_supplementary_table,PXD070007/search_results/SA206LPLaB1_Annotation.xlsx,PXD069969,1556,170,0.109254498714653,10.9254498714653,2564,238,9.2823712948518,8374,495,5.91115357057559
24,PXD070007,glioblastoma stem cells,cancer_cells,Glioblastoma stem-cell models,Lactylome (Kla),RKI,RKI,model,model,deposited_supplementary_table,PXD070007/search_results/SA206LPLaB1_Annotation.xlsx,PXD069969,1751,165,0.0942318675042833,9.42318675042833,2564,238,9.2823712948518,8374,495,5.91115357057559
24,PXD070007,glioblastoma stem cells,cancer_cells,Glioblastoma stem-cell models,Whole proteome,G2907,G2907,model,sample,deposited_supplementary_table,PXD069969/search_results/SA206LQB1_Annotation.xlsx,PXD069969,6966,442,0.063451047947172,6.3451047947172,2564,238,9.2823712948518,8374,495,5.91115357057559
24,PXD070007,glioblastoma stem cells,cancer_cells,Glioblastoma stem-cell models,Whole proteome,G3028,G3028,model,sample,deposited_supplementary_table,PXD069969/search_results/SA206LQB1_Annotation.xlsx,PXD069969,6877,439,0.0638359749890941,6.38359749890941,2564,238,9.2823712948518,8374,495,5.91115357057559
24,PXD070007,glioblastoma stem cells,cancer_cells,Glioblastoma stem-cell models,Whole proteome,G3264,G3264,model,sample,deposited_supplementary_table,PXD069969/search_results/SA206LQB1_Annotation.xlsx,PXD069969,6870,436,0.0634643377001456,6.34643377001456,2564,238,9.2823712948518,8374,495,5.91115357057559
24,PXD070007,glioblastoma stem cells,cancer_cells,Glioblastoma stem-cell models,Whole proteome,GSC23,GSC23,model,sample,deposited_supplementary_table,PXD069969/search_results/SA206LQB1_Annotation.xlsx,PXD069969,6928,451,0.0650981524249423,6.50981524249423,2564,238,9.2823712948518,8374,495,5.91115357057559
24,PXD070007,glioblastoma stem cells,cancer_cells,Glioblastoma stem-cell models,Whole proteome,MES28,MES28,model,sample,deposited_supplementary_table,PXD069969/search_results/SA206LQB1_Annotation.xlsx,PXD069969,6947,456,0.0656398445372103,6.56398445372103,2564,238,9.2823712948518,8374,495,5.91115357057559
24,PXD070007,glioblastoma stem cells,cancer_cells,Glioblastoma stem-cell models,Whole proteome,RKI,RKI,model,sample,deposited_supplementary_table,PXD069969/search_results/SA206LQB1_Annotation.xlsx,PXD069969,7228,452,0.0625345877144438,6.25345877144438,2564,238,9.2823712948518,8374,495,5.91115357057559
25,PXD078013,RKO WT and GSK3B KO,cancer_cells,RKO cells (WT and GSK3B KO),Lactylome (Kla),sg737_1,GSK3B KO,GSK3B KO,condition,deposited_sample_table,PXD078013/search_results/evidence.txt;PXD078013/search_results/proteinGroups.txt,PXD030304,904,89,0.0984513274336283,9.84513274336283,1217,113,9.28512736236647,3615,252,6.97095435684647
25,PXD078013,RKO WT and GSK3B KO,cancer_cells,RKO cells (WT and GSK3B KO),Lactylome (Kla),sg737_2,GSK3B KO,GSK3B KO,condition,deposited_sample_table,PXD078013/search_results/evidence.txt;PXD078013/search_results/proteinGroups.txt,PXD030304,751,77,0.102529960053262,10.2529960053262,1217,113,9.28512736236647,3615,252,6.97095435684647
25,PXD078013,RKO WT and GSK3B KO,cancer_cells,RKO cells (WT and GSK3B KO),Lactylome (Kla),sg_1,GSK3B WT,GSK3B WT,condition,deposited_sample_table,PXD078013/search_results/evidence.txt;PXD078013/search_results/proteinGroups.txt,PXD030304,1053,98,0.0930674264007597,9.30674264007597,1217,113,9.28512736236647,3615,252,6.97095435684647
25,PXD078013,RKO WT and GSK3B KO,cancer_cells,RKO cells (WT and GSK3B KO),Lactylome (Kla),sg_2,GSK3B WT,GSK3B WT,condition,deposited_sample_table,PXD078013/search_results/evidence.txt;PXD078013/search_results/proteinGroups.txt,PXD030304,1116,97,0.0869175627240144,8.69175627240144,1217,113,9.28512736236647,3615,252,6.97095435684647
25,PXD078013,RKO WT and GSK3B KO,cancer_cells,RKO cells (WT and GSK3B KO),Whole proteome,PXD030304_aggregate,PXD030304_aggregate,aggregate,aggregate,validated_reference_membership,PXD030304/search_results/ProCan-DepMapSanger_protein_matrix_6692_averaged.txt,PXD030304,3615,252,0.0697095435684647,6.97095435684647,1217,113,9.28512736236647,3615,252,6.97095435684647
28,PXD028488,HEK293T,normal_cells,HEK293T cells,Lactylome (Kla),HEK293T_dataset_union,HEK293T_dataset_union,single,dataset_union,validated_publication_membership,data/publication_input/kla_protein_membership_30.csv,PXD030304,438,44,0.100456621004566,10.0456621004566,438,44,10.0456621004566,6441,381,5.91523055426176
28,PXD028488,HEK293T,normal_cells,HEK293T cells,Whole proteome,PXD030304_aggregate,PXD030304_aggregate,aggregate,aggregate,validated_reference_membership,PXD030304/search_results/ProCan-DepMapSanger_peptide_counts_per_protein_per_sample.txt,PXD030304,6441,381,0.0591523055426176,5.91523055426176,438,44,10.0456621004566,6441,381,5.91523055426176
29,PXD028737,HMC3,normal_cells,HMC3 cells (normoxia and hypoxia),Lactylome (Kla),H0,H0,normoxia,sample,deposited_sample_table,PXD028737/search_results/extracted_pairing/combined/combined/txt/La(K)Sites.txt,PXD028737,1277,144,0.112764291307753,11.2764291307753,1410,157,11.1347517730496,6132,425,6.93085453359426
29,PXD028737,HMC3,normal_cells,HMC3 cells (normoxia and hypoxia),Lactylome (Kla),H24,H24,hypoxia,sample,deposited_sample_table,PXD028737/search_results/extracted_pairing/combined/combined/txt/La(K)Sites.txt,PXD028737,1087,124,0.114075436982521,11.4075436982521,1410,157,11.1347517730496,6132,425,6.93085453359426
29,PXD028737,HMC3,normal_cells,HMC3 cells (normoxia and hypoxia),Whole proteome,H0,H0,normoxia,sample,deposited_sample_table,PXD028737/search_results/extracted_reference/txt/proteinGroups.txt,PXD028737,5422,387,0.0713758760604943,7.13758760604943,1410,157,11.1347517730496,6132,425,6.93085453359426
29,PXD028737,HMC3,normal_cells,HMC3 cells (normoxia and hypoxia),Whole proteome,H24,H24,hypoxia,sample,deposited_sample_table,PXD028737/search_results/extracted_reference/txt/proteinGroups.txt,PXD028737,5946,412,0.0692902791792802,6.92902791792802,1410,157,11.1347517730496,6132,425,6.93085453359426
30,PXD058534,pretreated HK-2,normal_cells,HK-2 cells (IR-CM treated),Lactylome (Kla),HK2,HK2,single,dataset_union,deposited_group_union,PXD058534/search_results/extracted_pairing/txt/La (K)Sites.txt,PXD072220,2164,220,0.101663585951941,10.1663585951941,2164,220,10.1663585951941,4897,304,6.20788237696549
30,PXD058534,pretreated HK-2,normal_cells,HK-2 cells (IR-CM treated),Whole proteome,amostra1,amostra1,untreated control,sample,deposited_sample_table,PXD072220/search_results/HK-2_Spectronaut-report_PG_Quantity.txt,PXD072220,4684,298,0.0636208368915457,6.36208368915457,2164,220,10.1663585951941,4897,304,6.20788237696549
30,PXD058534,pretreated HK-2,normal_cells,HK-2 cells (IR-CM treated),Whole proteome,amostra3,amostra3,untreated control,sample,deposited_sample_table,PXD072220/search_results/HK-2_Spectronaut-report_PG_Quantity.txt,PXD072220,4597,286,0.0622144877093757,6.22144877093757,2164,220,10.1663585951941,4897,304,6.20788237696549
30,PXD058534,pretreated HK-2,normal_cells,HK-2 cells (IR-CM treated),Whole proteome,amostra4,amostra4,untreated control,sample,deposited_sample_table,PXD072220/search_results/HK-2_Spectronaut-report_PG_Quantity.txt,PXD072220,4764,299,0.0627623845507977,6.27623845507977,2164,220,10.1663585951941,4897,304,6.20788237696549
31,PXD078736,HK-2 control and mannitol,normal_cells,HK-2 cells (normoxia and hypoxia-reoxygenation),Lactylome (Kla),ctr_1,control,control,sample,deposited_sample_table,PXD078736/search_results/txt/La(K)Sites.txt,PXD072220,962,105,0.109147609147609,10.9147609147609,1250,132,10.56,4897,304,6.20788237696549
31,PXD078736,HK-2 control and mannitol,normal_cells,HK-2 cells (normoxia and hypoxia-reoxygenation),Lactylome (Kla),ctr_2,control,control,sample,deposited_sample_table,PXD078736/search_results/txt/La(K)Sites.txt,PXD072220,952,103,0.108193277310924,10.8193277310924,1250,132,10.56,4897,304,6.20788237696549
31,PXD078736,HK-2 control and mannitol,normal_cells,HK-2 cells (normoxia and hypoxia-reoxygenation),Lactylome (Kla),ctr_3,control,control,sample,deposited_sample_table,PXD078736/search_results/txt/La(K)Sites.txt,PXD072220,955,105,0.109947643979058,10.9947643979058,1250,132,10.56,4897,304,6.20788237696549
31,PXD078736,HK-2 control and mannitol,normal_cells,HK-2 cells (normoxia and hypoxia-reoxygenation),Lactylome (Kla),man_1,mannitol,mannitol,sample,deposited_sample_table,PXD078736/search_results/txt/La(K)Sites.txt,PXD072220,533,56,0.105065666041276,10.5065666041276,1250,132,10.56,4897,304,6.20788237696549
31,PXD078736,HK-2 control and mannitol,normal_cells,HK-2 cells (normoxia and hypoxia-reoxygenation),Lactylome (Kla),man_2,mannitol,mannitol,sample,deposited_sample_table,PXD078736/search_results/txt/La(K)Sites.txt,PXD072220,536,54,0.100746268656716,10.0746268656716,1250,132,10.56,4897,304,6.20788237696549
31,PXD078736,HK-2 control and mannitol,normal_cells,HK-2 cells (normoxia and hypoxia-reoxygenation),Lactylome (Kla),man_3,mannitol,mannitol,sample,deposited_sample_table,PXD078736/search_results/txt/La(K)Sites.txt,PXD072220,526,54,0.102661596958175,10.2661596958175,1250,132,10.56,4897,304,6.20788237696549
31,PXD078736,HK-2 control and mannitol,normal_cells,HK-2 cells (normoxia and hypoxia-reoxygenation),Whole proteome,amostra1,amostra1,untreated control,sample,deposited_sample_table,PXD072220/search_results/HK-2_Spectronaut-report_PG_Quantity.txt,PXD072220,4684,298,0.0636208368915457,6.36208368915457,1250,132,10.56,4897,304,6.20788237696549
31,PXD078736,HK-2 control and mannitol,normal_cells,HK-2 cells (normoxia and hypoxia-reoxygenation),Whole proteome,amostra3,amostra3,untreated control,sample,deposited_sample_table,PXD072220/search_results/HK-2_Spectronaut-report_PG_Quantity.txt,PXD072220,4597,286,0.0622144877093757,6.22144877093757,1250,132,10.56,4897,304,6.20788237696549
31,PXD078736,HK-2 control and mannitol,normal_cells,HK-2 cells (normoxia and hypoxia-reoxygenation),Whole proteome,amostra4,amostra4,untreated control,sample,deposited_sample_table,PXD072220/search_results/HK-2_Spectronaut-report_PG_Quantity.txt,PXD072220,4764,299,0.0627623845507977,6.27623845507977,1250,132,10.56,4897,304,6.20788237696549
32,PXD060185,MCF10A,normal_cells,MCF10A cells,Lactylome (Kla),C,C,single,sample,deposited_sample_table,PXD060185/search_results/RESULT/combined/txt/La (K)Sites.txt,PXD002400,947,115,0.121436114044351,12.1436114044351,947,115,12.1436114044351,4839,242,5.00103327133705
32,PXD060185,MCF10A,normal_cells,MCF10A cells,Whole proteome,PXD002400_aggregate,PXD002400_aggregate,aggregate,aggregate,validated_reference_membership,PXD002400/search_results/msms.zip,PXD002400,4839,242,0.0500103327133705,5.00103327133705,947,115,12.1436114044351,4839,242,5.00103327133705
33,PXD070007,neural stem cells,normal_cells,Neural stem-cell models,Lactylome (Kla),ENSA,ENSA,model,model,deposited_supplementary_table,PXD070007/search_results/SA206LPLaB1_Annotation.xlsx,PXD069969,1414,160,0.113154172560113,11.3154172560113,1527,173,11.3294040602489,7246,459,6.33452939552857
33,PXD070007,neural stem cells,normal_cells,Neural stem-cell models,Lactylome (Kla),HMP1,HMP1,model,model,deposited_supplementary_table,PXD070007/search_results/SA206LPLaB1_Annotation.xlsx,PXD069969,1080,135,0.125,12.5,1527,173,11.3294040602489,7246,459,6.33452939552857
33,PXD070007,neural stem cells,normal_cells,Neural stem-cell models,Whole proteome,ENSA,ENSA,model,sample,deposited_supplementary_table,PXD069969/search_results/SA206LQB1_Annotation.xlsx,PXD069969,6915,442,0.0639190166305134,6.39190166305134,1527,173,11.3294040602489,7246,459,6.33452939552857
33,PXD070007,neural stem cells,normal_cells,Neural stem-cell models,Whole proteome,HMP1,HMP1,model,sample,deposited_supplementary_table,PXD069969/search_results/SA206LQB1_Annotation.xlsx,PXD069969,6887,444,0.0644692899666037,6.44692899666037,1527,173,11.3294040602489,7246,459,6.33452939552857
34,PXD073311,HUVEC control and Pg infection,normal_cells,HUVECs (control and P. gingivalis infection),Lactylome (Kla),A0h_1,A0h control,A0h control,condition,deposited_spectronaut_matrix,PXD073311/search_results/extracted_pairing/IPX0015307003_Database_search_result/Database_search_result/report.pr_matrix.tsv,PXD073311,1880,178,0.0946808510638298,9.46808510638298,1911,184,9.62846677132391,7794,512,6.56915576084167
34,PXD073311,HUVEC control and Pg infection,normal_cells,HUVECs (control and P. gingivalis infection),Lactylome (Kla),A0h_2,A0h control,A0h control,condition,deposited_spectronaut_matrix,PXD073311/search_results/extracted_pairing/IPX0015307003_Database_search_result/Database_search_result/report.pr_matrix.tsv,PXD073311,1862,178,0.0955961331901181,9.55961331901181,1911,184,9.62846677132391,7794,512,6.56915576084167
34,PXD073311,HUVEC control and Pg infection,normal_cells,HUVECs (control and P. gingivalis infection),Lactylome (Kla),A0h_3,A0h control,A0h control,condition,deposited_spectronaut_matrix,PXD073311/search_results/extracted_pairing/IPX0015307003_Database_search_result/Database_search_result/report.pr_matrix.tsv,PXD073311,1844,178,0.096529284164859,9.6529284164859,1911,184,9.62846677132391,7794,512,6.56915576084167
34,PXD073311,HUVEC control and Pg infection,normal_cells,HUVECs (control and P. gingivalis infection),Lactylome (Kla),A6h_1,A6h Pg infection,A6h Pg infection,condition,deposited_spectronaut_matrix,PXD073311/search_results/extracted_pairing/IPX0015307003_Database_search_result/Database_search_result/report.pr_matrix.tsv,PXD073311,1855,177,0.0954177897574124,9.54177897574124,1911,184,9.62846677132391,7794,512,6.56915576084167
34,PXD073311,HUVEC control and Pg infection,normal_cells,HUVECs (control and P. gingivalis infection),Lactylome (Kla),A6h_2,A6h Pg infection,A6h Pg infection,condition,deposited_spectronaut_matrix,PXD073311/search_results/extracted_pairing/IPX0015307003_Database_search_result/Database_search_result/report.pr_matrix.tsv,PXD073311,1851,177,0.0956239870340357,9.56239870340357,1911,184,9.62846677132391,7794,512,6.56915576084167
34,PXD073311,HUVEC control and Pg infection,normal_cells,HUVECs (control and P. gingivalis infection),Lactylome (Kla),A6h_3,A6h Pg infection,A6h Pg infection,condition,deposited_spectronaut_matrix,PXD073311/search_results/extracted_pairing/IPX0015307003_Database_search_result/Database_search_result/report.pr_matrix.tsv,PXD073311,1841,173,0.0939706681151548,9.39706681151548,1911,184,9.62846677132391,7794,512,6.56915576084167
34,PXD073311,HUVEC control and Pg infection,normal_cells,HUVECs (control and P. gingivalis infection),Whole proteome,A0h_1,A0h_1,A0h control,sample,deposited_sample_table,PXD073311/search_results/extracted_pairing/IPX0015307001_Database_search_result/Database_search_result/report.pg_matrix.tsv,PXD073311,7645,499,0.0652714192282538,6.52714192282538,1911,184,9.62846677132391,7794,512,6.56915576084167
34,PXD073311,HUVEC control and Pg infection,normal_cells,HUVECs (control and P. gingivalis infection),Whole proteome,A0h_2,A0h_2,A0h control,sample,deposited_sample_table,PXD073311/search_results/extracted_pairing/IPX0015307001_Database_search_result/Database_search_result/report.pg_matrix.tsv,PXD073311,7640,500,0.0654450261780105,6.54450261780105,1911,184,9.62846677132391,7794,512,6.56915576084167
34,PXD073311,HUVEC control and Pg infection,normal_cells,HUVECs (control and P. gingivalis infection),Whole proteome,A0h_3,A0h_3,A0h control,sample,deposited_sample_table,PXD073311/search_results/extracted_pairing/IPX0015307001_Database_search_result/Database_search_result/report.pg_matrix.tsv,PXD073311,7637,503,0.0658635589891319,6.58635589891319,1911,184,9.62846677132391,7794,512,6.56915576084167
