RowOrder,PXD,SampleGroup,Category,DisplayGroup,SampleID,ConditionLabel,SampleClass,ObservationType,SourceMode,SourceFile,KlaProteinCount,KlaDdrProteinCount,KlaDdrFraction,KlaDdrFractionPercentage,ReferenceFraction,ReferenceDdr,ReferenceTotal
1,PXD033146,pathological rotator cuff tendon,normal_tissue,Pathological rotator-cuff tendon,TMT_plex,TMT_plex,plex_channel,dataset_union,validated_publication_membership,data/publication_input/kla_protein_membership_30.csv,571,30,0.0525394045534151,5.25394045534151,3.86546184738956,154,3984
2,PXD036307,normal human lung,normal_tissue,Normal human lung tissue,PTB340,PTB340,replicate,sample,deposited_sample_table,PXD036307/search_results/extracted/txt/La (K)Sites.txt,266,15,0.056390977443609,5.6390977443609,4.76394237626587,668,14022
2,PXD036307,normal human lung,normal_tissue,Normal human lung tissue,PTB342,PTB342,replicate,sample,deposited_sample_table,PXD036307/search_results/extracted/txt/La (K)Sites.txt,262,21,0.0801526717557252,8.01526717557252,4.76394237626587,668,14022
2,PXD036307,normal human lung,normal_tissue,Normal human lung tissue,PTB344,PTB344,replicate,sample,deposited_sample_table,PXD036307/search_results/extracted/txt/La (K)Sites.txt,199,13,0.0653266331658292,6.53266331658292,4.76394237626587,668,14022
2,PXD036307,normal human lung,normal_tissue,Normal human lung tissue,PTB346,PTB346,replicate,sample,deposited_sample_table,PXD036307/search_results/extracted/txt/La (K)Sites.txt,335,21,0.0626865671641791,6.26865671641791,4.76394237626587,668,14022
2,PXD036307,normal human lung,normal_tissue,Normal human lung tissue,PTB364,PTB364,replicate,sample,deposited_sample_table,PXD036307/search_results/extracted/txt/La (K)Sites.txt,346,22,0.0635838150289017,6.35838150289017,4.76394237626587,668,14022
2,PXD036307,normal human lung,normal_tissue,Normal human lung tissue,PTB372,PTB372,replicate,sample,deposited_sample_table,PXD036307/search_results/extracted/txt/La (K)Sites.txt,264,11,0.0416666666666667,4.16666666666667,4.76394237626587,668,14022
3,PXD046800,hypertrophic scar,normal_tissue,Hypertrophic scar tissue,HSP1,HSP1,replicate,sample,deposited_sample_table,PXD046800/search_results/HFX2_LFQ_QB001_Lacty_PeptideGroups.txt,336,13,0.0386904761904762,3.86904761904762,3.78476972184223,83,2193
3,PXD046800,hypertrophic scar,normal_tissue,Hypertrophic scar tissue,HSP2,HSP2,replicate,sample,deposited_sample_table,PXD046800/search_results/HFX2_LFQ_QB001_Lacty_PeptideGroups.txt,298,13,0.0436241610738255,4.36241610738255,3.78476972184223,83,2193
3,PXD046800,hypertrophic scar,normal_tissue,Hypertrophic scar tissue,HSP3,HSP3,replicate,sample,deposited_sample_table,PXD046800/search_results/HFX2_LFQ_QB001_Lacty_PeptideGroups.txt,315,14,0.0444444444444444,4.44444444444444,3.78476972184223,83,2193
3,PXD046800,hypertrophic scar,normal_tissue,Hypertrophic scar tissue,HSP4,HSP4,replicate,sample,deposited_sample_table,PXD046800/search_results/HFX2_LFQ_QB001_Lacty_PeptideGroups.txt,333,14,0.042042042042042,4.2042042042042,3.78476972184223,83,2193
4,PXD046800,adjacent skin,normal_tissue,Adjacent skin tissue,NSP1,NSP1,replicate,sample,deposited_sample_table,PXD046800/search_results/HFX2_LFQ_QB001_Lacty_PeptideGroups.txt,484,28,0.0578512396694215,5.78512396694215,4.03628117913832,89,2205
4,PXD046800,adjacent skin,normal_tissue,Adjacent skin tissue,NSP2,NSP2,replicate,sample,deposited_sample_table,PXD046800/search_results/HFX2_LFQ_QB001_Lacty_PeptideGroups.txt,401,22,0.0548628428927681,5.48628428927681,4.03628117913832,89,2205
4,PXD046800,adjacent skin,normal_tissue,Adjacent skin tissue,NSP3,NSP3,replicate,sample,deposited_sample_table,PXD046800/search_results/HFX2_LFQ_QB001_Lacty_PeptideGroups.txt,392,18,0.0459183673469388,4.59183673469388,4.03628117913832,89,2205
4,PXD046800,adjacent skin,normal_tissue,Adjacent skin tissue,NSP4,NSP4,replicate,sample,deposited_sample_table,PXD046800/search_results/HFX2_LFQ_QB001_Lacty_PeptideGroups.txt,386,19,0.0492227979274611,4.92227979274611,4.03628117913832,89,2205
5,PXD050470,human hippocampus,normal_tissue,Human hippocampus tissue,H072,H072,replicate,sample,deposited_supplementary_table,PXD050470/supplementary/prca2331-sup-0005-tables3.xlsx,853,29,0.0339976553341149,3.39976553341149,3.60078921407432,219,6082
5,PXD050470,human hippocampus,normal_tissue,Human hippocampus tissue,H081,H081,replicate,sample,deposited_supplementary_table,PXD050470/supplementary/prca2331-sup-0005-tables3.xlsx,853,29,0.0339976553341149,3.39976553341149,3.60078921407432,219,6082
5,PXD050470,human hippocampus,normal_tissue,Human hippocampus tissue,H187,H187,replicate,sample,deposited_supplementary_table,PXD050470/supplementary/prca2331-sup-0005-tables3.xlsx,853,29,0.0339976553341149,3.39976553341149,3.60078921407432,219,6082
6,PXD063047,normal pregnancy placenta,normal_tissue,Normal-pregnancy placenta,Con_1,Con_1,replicate,sample,deposited_sample_table,PXD063047/search_results/extracted/combined/txt/La (K)Sites.txt,205,9,0.0439024390243902,4.39024390243902,4.48567970956031,556,12395
6,PXD063047,normal pregnancy placenta,normal_tissue,Normal-pregnancy placenta,Con_2,Con_2,replicate,sample,deposited_sample_table,PXD063047/search_results/extracted/combined/txt/La (K)Sites.txt,215,9,0.0418604651162791,4.18604651162791,4.48567970956031,556,12395
6,PXD063047,normal pregnancy placenta,normal_tissue,Normal-pregnancy placenta,Con_3,Con_3,replicate,sample,deposited_sample_table,PXD063047/search_results/extracted/combined/txt/La (K)Sites.txt,221,7,0.0316742081447964,3.16742081447964,4.48567970956031,556,12395
7,PXD064912,human sperm,normal_tissue,Human sperm,Rep 1,Rep 1,replicate,sample,deposited_supplementary_table,PXD064912/supplementary/europepmc/mmc1.xlsx,203,5,0.0246305418719212,2.46305418719212,4.31647940074906,461,10680
7,PXD064912,human sperm,normal_tissue,Human sperm,Rep 2,Rep 2,replicate,sample,deposited_supplementary_table,PXD064912/supplementary/europepmc/mmc1.xlsx,208,7,0.0336538461538462,3.36538461538462,4.31647940074906,461,10680
7,PXD064912,human sperm,normal_tissue,Human sperm,Rep 3,Rep 3,replicate,sample,deposited_supplementary_table,PXD064912/supplementary/europepmc/mmc1.xlsx,200,7,0.035,3.5,4.31647940074906,461,10680
8,PXD066054,BPH,normal_tissue,Benign prostatic hyperplasia tissue,NAT1,NAT1,replicate,sample,deposited_spectronaut_table,PXD066054/search_results/extracted/PLa/XB08700B1DPLa_-PTMSiteReport.tsv,2091,140,0.0669536107125777,6.69536107125777,4.99449136981271,408,8169
8,PXD066054,BPH,normal_tissue,Benign prostatic hyperplasia tissue,NAT2,NAT2,replicate,sample,deposited_spectronaut_table,PXD066054/search_results/extracted/PLa/XB08700B1DPLa_-PTMSiteReport.tsv,1978,133,0.0672396359959555,6.72396359959555,4.99449136981271,408,8169
8,PXD066054,BPH,normal_tissue,Benign prostatic hyperplasia tissue,NAT3,NAT3,replicate,sample,deposited_spectronaut_table,PXD066054/search_results/extracted/PLa/XB08700B1DPLa_-PTMSiteReport.tsv,1979,129,0.0651844365841334,6.51844365841334,4.99449136981271,408,8169
8,PXD066054,BPH,normal_tissue,Benign prostatic hyperplasia tissue,NAT4,NAT4,replicate,sample,deposited_spectronaut_table,PXD066054/search_results/extracted/PLa/XB08700B1DPLa_-PTMSiteReport.tsv,2040,131,0.0642156862745098,6.42156862745098,4.99449136981271,408,8169
8,PXD066054,BPH,normal_tissue,Benign prostatic hyperplasia tissue,NAT5,NAT5,replicate,sample,deposited_spectronaut_table,PXD066054/search_results/extracted/PLa/XB08700B1DPLa_-PTMSiteReport.tsv,2029,131,0.0645638245441104,6.45638245441104,4.99449136981271,408,8169
9,PXD075377,adjacent liver,normal_tissue,Adjacent liver tissue,Control_pool,Control_pool,pool,pool,deposited_group_union,PXD075377/search_results/extracted/2-Basic_analysis/MS_identified_information.txt,1775,113,0.0636619718309859,6.36619718309859,4.56363208656787,194,4251
11,PXD066054,prostate cancer,cancer_tissue,Prostate cancer tissue,PCa1,PCa1,replicate,sample,deposited_spectronaut_table,PXD066054/search_results/extracted/PLa/XB08700B1DPLa_-PTMSiteReport.tsv,2028,137,0.0675542406311637,6.75542406311637,5.02255272461295,412,8203
11,PXD066054,prostate cancer,cancer_tissue,Prostate cancer tissue,PCa2,PCa2,replicate,sample,deposited_spectronaut_table,PXD066054/search_results/extracted/PLa/XB08700B1DPLa_-PTMSiteReport.tsv,1877,127,0.0676611614278103,6.76611614278103,5.02255272461295,412,8203
11,PXD066054,prostate cancer,cancer_tissue,Prostate cancer tissue,PCa3,PCa3,replicate,sample,deposited_spectronaut_table,PXD066054/search_results/extracted/PLa/XB08700B1DPLa_-PTMSiteReport.tsv,2052,141,0.0687134502923977,6.87134502923977,5.02255272461295,412,8203
11,PXD066054,prostate cancer,cancer_tissue,Prostate cancer tissue,PCa4,PCa4,replicate,sample,deposited_spectronaut_table,PXD066054/search_results/extracted/PLa/XB08700B1DPLa_-PTMSiteReport.tsv,2035,137,0.0673218673218673,6.73218673218673,5.02255272461295,412,8203
11,PXD066054,prostate cancer,cancer_tissue,Prostate cancer tissue,PCa5,PCa5,replicate,sample,deposited_spectronaut_table,PXD066054/search_results/extracted/PLa/XB08700B1DPLa_-PTMSiteReport.tsv,2102,143,0.0680304471931494,6.80304471931494,5.02255272461295,412,8203
12,PXD075377,HCC,cancer_tissue,HCC tissue,HCC_pool,HCC_pool,pool,pool,deposited_group_union,PXD075377/search_results/extracted/2-Basic_analysis/MS_identified_information.txt,1798,121,0.0672969966629588,6.72969966629588,5.22359290670779,271,5188
14,PXD060185,MCF7,cancer_cells,MCF7 cells,A,A,single,sample,deposited_sample_table,PXD060185/search_results/RESULT/combined/txt/La (K)Sites.txt,1235,132,0.106882591093117,10.6882591093117,6.74411100354953,209,3099
15,PXD028488,HCT116,cancer_cells,HCT116 cells,HCT116_dataset_union,HCT116_dataset_union,single,dataset_union,validated_publication_membership,data/publication_input/kla_protein_membership_30.csv,240,30,0.125,12.5,6.80798004987531,273,4010
16,PXD053474,HCT116,cancer_cells,HCT116 cells (subcellular fractions),HCT116_dataset_union,HCT116_dataset_union,single,dataset_union,validated_publication_membership,data/publication_input/kla_protein_membership_30.csv,590,65,0.110169491525424,11.0169491525424,6.80798004987531,273,4010
17,PXD066351,HCT116 control and Roseburia co-culture,cancer_cells,HCT116 cells (control and Roseburia co-culture),NC116,control,control,condition,deposited_spectronaut_table,PXD066351/search_results/XB01472B1DPLa-MSstats_Input.csv,2394,252,0.105263157894737,10.5263157894737,6.19926199261993,504,8130
17,PXD066351,HCT116 control and Roseburia co-culture,cancer_cells,HCT116 cells (control and Roseburia co-culture),R116,Roseburia co-culture,Roseburia co-culture,condition,deposited_spectronaut_table,PXD066351/search_results/XB01472B1DPLa-MSstats_Input.csv,2319,243,0.104786545924968,10.4786545924968,6.19926199261993,504,8130
18,PXD028488,TALL-104,cancer_cells,TALL-104 cells (sodium lactate),TALL-104_dataset_union,TALL-104_dataset_union,single,dataset_union,validated_publication_membership,data/publication_input/kla_protein_membership_30.csv,368,37,0.10054347826087,10.054347826087,6.77557579003749,253,3734
19,PXD050147,HepG2 WT and SIRT1 or SIRT3 KO,cancer_cells,"HepG2 cells (WT, SIRT1 KO and SIRT3 KO)",SIRT1KO_rep1,SIRT1KO_rep1,SIRT1 KO,sample,deposited_sample_table,PXD050147/search_results/Lactyl_K_Sites.txt,1825,212,0.116164383561644,11.6164383561644,6.64500886001181,450,6772
19,PXD050147,HepG2 WT and SIRT1 or SIRT3 KO,cancer_cells,"HepG2 cells (WT, SIRT1 KO and SIRT3 KO)",SIRT1KO_rep2,SIRT1KO_rep2,SIRT1 KO,sample,deposited_sample_table,PXD050147/search_results/Lactyl_K_Sites.txt,1885,218,0.115649867374005,11.5649867374005,6.64500886001181,450,6772
19,PXD050147,HepG2 WT and SIRT1 or SIRT3 KO,cancer_cells,"HepG2 cells (WT, SIRT1 KO and SIRT3 KO)",SIRT1KO_rep3,SIRT1KO_rep3,SIRT1 KO,sample,deposited_sample_table,PXD050147/search_results/Lactyl_K_Sites.txt,1708,197,0.115339578454333,11.5339578454333,6.64500886001181,450,6772
19,PXD050147,HepG2 WT and SIRT1 or SIRT3 KO,cancer_cells,"HepG2 cells (WT, SIRT1 KO and SIRT3 KO)",SIRT3KO_rep1,SIRT3KO_rep1,SIRT3 KO,sample,deposited_sample_table,PXD050147/search_results/Lactyl_K_Sites.txt,1831,214,0.116876024030584,11.6876024030584,6.64500886001181,450,6772
19,PXD050147,HepG2 WT and SIRT1 or SIRT3 KO,cancer_cells,"HepG2 cells (WT, SIRT1 KO and SIRT3 KO)",SIRT3KO_rep2,SIRT3KO_rep2,SIRT3 KO,sample,deposited_sample_table,PXD050147/search_results/Lactyl_K_Sites.txt,1596,188,0.117794486215539,11.7794486215539,6.64500886001181,450,6772
19,PXD050147,HepG2 WT and SIRT1 or SIRT3 KO,cancer_cells,"HepG2 cells (WT, SIRT1 KO and SIRT3 KO)",SIRT3KO_rep3,SIRT3KO_rep3,SIRT3 KO,sample,deposited_sample_table,PXD050147/search_results/Lactyl_K_Sites.txt,1898,223,0.117492096944152,11.7492096944152,6.64500886001181,450,6772
19,PXD050147,HepG2 WT and SIRT1 or SIRT3 KO,cancer_cells,"HepG2 cells (WT, SIRT1 KO and SIRT3 KO)",WT_rep1,WT_rep1,WT,sample,deposited_sample_table,PXD050147/search_results/Lactyl_K_Sites.txt,1222,144,0.117839607201309,11.7839607201309,6.64500886001181,450,6772
19,PXD050147,HepG2 WT and SIRT1 or SIRT3 KO,cancer_cells,"HepG2 cells (WT, SIRT1 KO and SIRT3 KO)",WT_rep2,WT_rep2,WT,sample,deposited_sample_table,PXD050147/search_results/Lactyl_K_Sites.txt,1191,140,0.117548278757347,11.7548278757347,6.64500886001181,450,6772
19,PXD050147,HepG2 WT and SIRT1 or SIRT3 KO,cancer_cells,"HepG2 cells (WT, SIRT1 KO and SIRT3 KO)",WT_rep3,WT_rep3,WT,sample,deposited_sample_table,PXD050147/search_results/Lactyl_K_Sites.txt,1339,158,0.117998506348021,11.7998506348021,6.64500886001181,450,6772
20,PXD054919,A549,cancer_cells,A549 cells,A549-1,A549-1,replicate,sample,deposited_supplementary_table,PXD054919/supplementary/41419_2025_8113_MOESM2_ESM.xlsx,1150,110,0.0956521739130435,9.56521739130435,6.55452436194896,226,3448
20,PXD054919,A549,cancer_cells,A549 cells,A549-2,A549-2,replicate,sample,deposited_supplementary_table,PXD054919/supplementary/41419_2025_8113_MOESM2_ESM.xlsx,1202,115,0.0956738768718802,9.56738768718802,6.55452436194896,226,3448
20,PXD054919,A549,cancer_cells,A549 cells,A549-3,A549-3,replicate,sample,deposited_supplementary_table,PXD054919/supplementary/41419_2025_8113_MOESM2_ESM.xlsx,1206,115,0.0953565505804312,9.53565505804312,6.55452436194896,226,3448
21,PXD060185,MDA-MB-468,cancer_cells,MDA-MB-468 cells,B,B,single,sample,deposited_sample_table,PXD060185/search_results/RESULT/combined/txt/La (K)Sites.txt,1612,196,0.121588089330025,12.1588089330025,6.11702127659574,230,3760
22,PXD060185,T-47D,cancer_cells,T-47D cells,D,D,single,sample,deposited_sample_table,PXD060185/search_results/RESULT/combined/txt/La (K)Sites.txt,1301,159,0.122213681783244,12.2213681783244,6.48464163822526,228,3516
23,PXD063266,PC-3M,cancer_cells,PC-3M cells,1,1,replicate,sample,deposited_supplementary_table,PXD063266/search_results/LactylSites.xlsx,348,41,0.117816091954023,11.7816091954023,3.25506274071313,262,8049
23,PXD063266,PC-3M,cancer_cells,PC-3M cells,2,2,replicate,sample,deposited_supplementary_table,PXD063266/search_results/LactylSites.xlsx,145,24,0.16551724137931,16.551724137931,3.25506274071313,262,8049
23,PXD063266,PC-3M,cancer_cells,PC-3M cells,3,3,replicate,sample,deposited_supplementary_table,PXD063266/search_results/LactylSites.xlsx,216,28,0.12962962962963,12.962962962963,3.25506274071313,262,8049
24,PXD070007,glioblastoma stem cells,cancer_cells,Glioblastoma stem-cell models,G2907,G2907,model,model,deposited_supplementary_table,PXD070007/search_results/SA206LPLaB1_Annotation.xlsx,1647,168,0.10200364298725,10.200364298725,5.91115357057559,495,8374
24,PXD070007,glioblastoma stem cells,cancer_cells,Glioblastoma stem-cell models,G3028,G3028,model,model,deposited_supplementary_table,PXD070007/search_results/SA206LPLaB1_Annotation.xlsx,1558,159,0.102053915275995,10.2053915275995,5.91115357057559,495,8374
24,PXD070007,glioblastoma stem cells,cancer_cells,Glioblastoma stem-cell models,G3264,G3264,model,model,deposited_supplementary_table,PXD070007/search_results/SA206LPLaB1_Annotation.xlsx,1262,131,0.103803486529319,10.3803486529319,5.91115357057559,495,8374
24,PXD070007,glioblastoma stem cells,cancer_cells,Glioblastoma stem-cell models,GSC23,GSC23,model,model,deposited_supplementary_table,PXD070007/search_results/SA206LPLaB1_Annotation.xlsx,1628,179,0.10995085995086,10.995085995086,5.91115357057559,495,8374
24,PXD070007,glioblastoma stem cells,cancer_cells,Glioblastoma stem-cell models,MES28,MES28,model,model,deposited_supplementary_table,PXD070007/search_results/SA206LPLaB1_Annotation.xlsx,1556,170,0.109254498714653,10.9254498714653,5.91115357057559,495,8374
24,PXD070007,glioblastoma stem cells,cancer_cells,Glioblastoma stem-cell models,RKI,RKI,model,model,deposited_supplementary_table,PXD070007/search_results/SA206LPLaB1_Annotation.xlsx,1751,165,0.0942318675042833,9.42318675042833,5.91115357057559,495,8374
25,PXD078013,RKO WT and GSK3B KO,cancer_cells,RKO cells (WT and GSK3B KO),sg737_1,GSK3B KO,GSK3B KO,condition,deposited_sample_table,PXD078013/search_results/evidence.txt;PXD078013/search_results/proteinGroups.txt,904,89,0.0984513274336283,9.84513274336283,6.97095435684647,252,3615
25,PXD078013,RKO WT and GSK3B KO,cancer_cells,RKO cells (WT and GSK3B KO),sg737_2,GSK3B KO,GSK3B KO,condition,deposited_sample_table,PXD078013/search_results/evidence.txt;PXD078013/search_results/proteinGroups.txt,751,77,0.102529960053262,10.2529960053262,6.97095435684647,252,3615
25,PXD078013,RKO WT and GSK3B KO,cancer_cells,RKO cells (WT and GSK3B KO),sg_1,GSK3B WT,GSK3B WT,condition,deposited_sample_table,PXD078013/search_results/evidence.txt;PXD078013/search_results/proteinGroups.txt,1053,98,0.0930674264007597,9.30674264007597,6.97095435684647,252,3615
25,PXD078013,RKO WT and GSK3B KO,cancer_cells,RKO cells (WT and GSK3B KO),sg_2,GSK3B WT,GSK3B WT,condition,deposited_sample_table,PXD078013/search_results/evidence.txt;PXD078013/search_results/proteinGroups.txt,1116,97,0.0869175627240144,8.69175627240144,6.97095435684647,252,3615
28,PXD028488,HEK293T,normal_cells,HEK293T cells,HEK293T_dataset_union,HEK293T_dataset_union,single,dataset_union,validated_publication_membership,data/publication_input/kla_protein_membership_30.csv,438,44,0.100456621004566,10.0456621004566,5.91523055426176,381,6441
29,PXD028737,HMC3,normal_cells,HMC3 cells (normoxia and hypoxia),H0,H0,normoxia,sample,deposited_sample_table,PXD028737/search_results/extracted_pairing/combined/combined/txt/La(K)Sites.txt,1277,144,0.112764291307753,11.2764291307753,6.93085453359426,425,6132
29,PXD028737,HMC3,normal_cells,HMC3 cells (normoxia and hypoxia),H24,H24,hypoxia,sample,deposited_sample_table,PXD028737/search_results/extracted_pairing/combined/combined/txt/La(K)Sites.txt,1087,124,0.114075436982521,11.4075436982521,6.93085453359426,425,6132
30,PXD058534,pretreated HK-2,normal_cells,HK-2 cells (IR-CM treated),HK2,HK2,single,dataset_union,deposited_group_union,PXD058534/search_results/extracted_pairing/txt/La (K)Sites.txt,2164,220,0.101663585951941,10.1663585951941,6.20788237696549,304,4897
31,PXD078736,HK-2 control and mannitol,normal_cells,HK-2 cells (normoxia and hypoxia-reoxygenation),ctr_1,control,control,sample,deposited_sample_table,PXD078736/search_results/txt/La(K)Sites.txt,962,105,0.109147609147609,10.9147609147609,6.20788237696549,304,4897
31,PXD078736,HK-2 control and mannitol,normal_cells,HK-2 cells (normoxia and hypoxia-reoxygenation),ctr_2,control,control,sample,deposited_sample_table,PXD078736/search_results/txt/La(K)Sites.txt,952,103,0.108193277310924,10.8193277310924,6.20788237696549,304,4897
31,PXD078736,HK-2 control and mannitol,normal_cells,HK-2 cells (normoxia and hypoxia-reoxygenation),ctr_3,control,control,sample,deposited_sample_table,PXD078736/search_results/txt/La(K)Sites.txt,955,105,0.109947643979058,10.9947643979058,6.20788237696549,304,4897
31,PXD078736,HK-2 control and mannitol,normal_cells,HK-2 cells (normoxia and hypoxia-reoxygenation),man_1,mannitol,mannitol,sample,deposited_sample_table,PXD078736/search_results/txt/La(K)Sites.txt,533,56,0.105065666041276,10.5065666041276,6.20788237696549,304,4897
31,PXD078736,HK-2 control and mannitol,normal_cells,HK-2 cells (normoxia and hypoxia-reoxygenation),man_2,mannitol,mannitol,sample,deposited_sample_table,PXD078736/search_results/txt/La(K)Sites.txt,536,54,0.100746268656716,10.0746268656716,6.20788237696549,304,4897
31,PXD078736,HK-2 control and mannitol,normal_cells,HK-2 cells (normoxia and hypoxia-reoxygenation),man_3,mannitol,mannitol,sample,deposited_sample_table,PXD078736/search_results/txt/La(K)Sites.txt,526,54,0.102661596958175,10.2661596958175,6.20788237696549,304,4897
32,PXD060185,MCF10A,normal_cells,MCF10A cells,C,C,single,sample,deposited_sample_table,PXD060185/search_results/RESULT/combined/txt/La (K)Sites.txt,947,115,0.121436114044351,12.1436114044351,5.00103327133705,242,4839
33,PXD070007,neural stem cells,normal_cells,Neural stem-cell models,ENSA,ENSA,model,model,deposited_supplementary_table,PXD070007/search_results/SA206LPLaB1_Annotation.xlsx,1414,160,0.113154172560113,11.3154172560113,6.33452939552857,459,7246
33,PXD070007,neural stem cells,normal_cells,Neural stem-cell models,HMP1,HMP1,model,model,deposited_supplementary_table,PXD070007/search_results/SA206LPLaB1_Annotation.xlsx,1080,135,0.125,12.5,6.33452939552857,459,7246
34,PXD073311,HUVEC control and Pg infection,normal_cells,HUVECs (control and P. gingivalis infection),A0h_1,A0h control,A0h control,condition,deposited_spectronaut_matrix,PXD073311/search_results/extracted_pairing/IPX0015307003_Database_search_result/Database_search_result/report.pr_matrix.tsv,1880,178,0.0946808510638298,9.46808510638298,6.56915576084167,512,7794
34,PXD073311,HUVEC control and Pg infection,normal_cells,HUVECs (control and P. gingivalis infection),A0h_2,A0h control,A0h control,condition,deposited_spectronaut_matrix,PXD073311/search_results/extracted_pairing/IPX0015307003_Database_search_result/Database_search_result/report.pr_matrix.tsv,1862,178,0.0955961331901181,9.55961331901181,6.56915576084167,512,7794
34,PXD073311,HUVEC control and Pg infection,normal_cells,HUVECs (control and P. gingivalis infection),A0h_3,A0h control,A0h control,condition,deposited_spectronaut_matrix,PXD073311/search_results/extracted_pairing/IPX0015307003_Database_search_result/Database_search_result/report.pr_matrix.tsv,1844,178,0.096529284164859,9.6529284164859,6.56915576084167,512,7794
34,PXD073311,HUVEC control and Pg infection,normal_cells,HUVECs (control and P. gingivalis infection),A6h_1,A6h Pg infection,A6h Pg infection,condition,deposited_spectronaut_matrix,PXD073311/search_results/extracted_pairing/IPX0015307003_Database_search_result/Database_search_result/report.pr_matrix.tsv,1855,177,0.0954177897574124,9.54177897574124,6.56915576084167,512,7794
34,PXD073311,HUVEC control and Pg infection,normal_cells,HUVECs (control and P. gingivalis infection),A6h_2,A6h Pg infection,A6h Pg infection,condition,deposited_spectronaut_matrix,PXD073311/search_results/extracted_pairing/IPX0015307003_Database_search_result/Database_search_result/report.pr_matrix.tsv,1851,177,0.0956239870340357,9.56239870340357,6.56915576084167,512,7794
34,PXD073311,HUVEC control and Pg infection,normal_cells,HUVECs (control and P. gingivalis infection),A6h_3,A6h Pg infection,A6h Pg infection,condition,deposited_spectronaut_matrix,PXD073311/search_results/extracted_pairing/IPX0015307003_Database_search_result/Database_search_result/report.pr_matrix.tsv,1841,173,0.0939706681151548,9.39706681151548,6.56915576084167,512,7794
